,gvkey,fyear,datafmt,tic,conm,Sum,diff,,at,capx,cogs,cshfd,cshpri,dltt,dp,epsfi,epsfx,epspi,epspx,ib,ibmii,mii,ni,nopi,pi,ppent,reuna,sale,seq,teq,txt,wcap,xido,xint,xsga,cshtr_c,at,adjex_f
0,1659,2010,SUMM_STD,ANDE,ANDERSONS INC,46915597.42,7.799999997,1.66256E-05,1699.39,49.251,3071.999,18.507,18.356,276.825,38.913,3.48,3.48,3.51,3.51,64.662,64.881,0.219,64.662,43.159,104.143,319.515,316.317,3393.791,451.431,464.559,39.262,301.815,0,19.865,202.03,46902859,1699.39,1.5
1,1659,2010,STD,ANDE,ANDERSONS INC,46915589.62,7.799999997,1.66256E-05,1699.39,49.251,3075.812,18.507,18.356,276.825,35.1,3.48,3.48,3.51,3.51,64.662,64.881,0.219,64.662,35.359,104.143,319.515,316.317,3393.791,451.431,464.559,39.262,301.815,0,19.865,202.03,46902859,1699.39,1.5
2,1659,2011,SUMM_STD,ANDE,ANDERSONS INC,42294494.84,-1.700000003,,1734.123,108.323,4182.642,18.619,18.457,238.885,40.837,5.09,5.09,5.13,5.13,95.106,96.825,1.719,95.106,47.672,147.878,372.224,402.523,4576.331,523.995,538.842,51.053,312.971,0,25.256,227.39,42278882,1734.123,1.5
3,1659,2011,STD,ANDE,ANDERSONS INC,42294496.54,-1.700000003,,1734.123,108.323,4186.479,18.619,18.457,238.885,37,5.09,5.09,5.13,5.13,95.106,96.825,1.719,95.106,49.372,147.878,372.224,402.523,4576.331,523.995,538.842,51.053,312.971,0,25.256,227.39,42278882,1734.123,1.5
4,1659,2012,SUMM_STD,ANDE,ANDERSONS INC,35067737.73,3.700000003,,2182.304,180.498,4865.028,18.693,18.523,427.243,48.977,4.23,4.23,4.27,4.27,79.48,75.565,-3.915,79.48,31.212,120.133,587.208,470.628,5272.01,594.413,611.445,44.568,304.346,0,22.155,246.929,35049260,2182.304,1.5
5,1659,2012,STD,ANDE,ANDERSONS INC,35067734.03,3.700000003,,2182.304,180.498,4865.905,18.693,18.523,427.243,48.1,4.23,4.23,4.27,4.27,79.48,75.565,-3.915,79.48,27.112,120.133,587.208,470.628,5272.01,594.413,611.445,44.568,304.346,0,22.555,246.929,35049260,2182.304,1.5
6,1659,2013,SUMM_STD,ANDE,ANDERSONS INC,32143377.27,-5.100000001,,2273.556,139.37,5184.042,18.791,18.657,375.213,55.307,4.77,4.77,4.8,4.8,89.939,95.702,5.763,89.939,79.681,149.513,628.079,548.401,5604.574,701.474,724.421,53.811,229.451,0,20.86,274.533,32123722,2273.556,1.5
7,1659,2013,STD,ANDE,ANDERSONS INC,32143382.37,-5.100000001,,2273.556,139.37,5181.849,18.791,18.657,375.213,57.5,4.77,4.77,4.8,4.8,89.939,95.702,5.763,89.939,84.181,149.513,628.079,548.401,5604.574,701.474,724.421,53.811,229.451,0,21.46,274.533,32123722,2273.556,1.5
8,1722,2010,SUMM_STD,ADM,ARCHER-DANIELS-MIDLAND CO,1413515283,-9266,,31808,1607,56982,644,643,6830,857,3,3,3,3,1930,1919,-11,1930,562,2585,8712,10357,61682,14609,14631,666,,0,422,1398,1413262699,31808,1
9,1722,2010,STD,ADM,ARCHER-DANIELS-MIDLAND CO,1413524549,-9266,,31548,1607,56982,644,643,6830,857,3,3,3,3,1930,1919,-11,1930,712,2585,8712,10357,61682,14609,14631,666,9561,0,497,1398,1413262699,31548,1
10,1722,2011,SUMM_STD,ADM,ARCHER-DANIELS-MIDLAND CO,1547114144,-13926,,42352,1247,75549,654,642,8266,827,3.13,3.13,3.17,3.17,2036,2018,-18,2036,808,3015,9500,11996,80676,18808,18838,997,,0,482,1611,1546789438,42352,1
11,1722,2011,STD,ADM,ARCHER-DANIELS-MIDLAND CO,1547128070,-13926,,42193,1247,75549,654,642,8266,827,3.13,3.13,3.17,3.17,2036,2018,-18,2036,759,3015,9500,11996,80676,18808,18838,997,14286,0,489,1611,1546789438,42193,1
12,1722,2012,SUMM_STD,ADM,ARCHER-DANIELS-MIDLAND CO,1208775476,-12387,,41771,1477,84577,666,665,6535,793,1.84,1.84,1.84,1.84,1223,1242,19,1223,160,1765,9812,12774,89038,17969,18169,523,,0,441,1622,1208441233,41771,1
13,1722,2012,STD,ADM,ARCHER-DANIELS-MIDLAND CO,1208787863,-12387,,41553,1477,84577,666,665,6535,793,1.84,1.84,1.84,1.84,1223,1242,19,1223,634,1765,9812,12774,89038,17969,18169,523,12328,0,462,1622,1208441233,41553,1
14,1722,2013,SUMM_STD,ADM,ARCHER-DANIELS-MIDLAND CO,1056227408,-13051,,43752,913,85088,663,661,5347,827,2.02,2.02,2.03,2.03,1342,1354,12,1342,253,2024,10137,14077,89804,20156,20194,670,,0,413,1705,1055882913,43752,1
15,1722,2013,STD,ADM,ARCHER-DANIELS-MIDLAND CO,1056240459,-13051,,43752,913,85066,663,661,5347,849,2.02,2.02,2.03,2.03,1342,1354,12,1342,416,2024,10137,14077,89804,20156,20194,670,12872,0,429,1705,1055882913,43752,1
16,1728,2010,SUMM_STD,ARDNA,ARDEN GROUP INC  -CL A,545988.257,-1.35,,127.884,2.597,252.199,3.161,3.161,1.228,5.307,5.72,5.72,5.72,5.72,18.085,18.085,0,18.085,0.842,30.331,38.247,81.784,417.065,84.527,84.527,12.246,51.062,0,0.084,129.986,544456,127.884,1
17,1728,2010,STD,ARDNA,ARDEN GROUP INC  -CL A,545989.607,-1.35,,127.884,2.597,252.199,3.161,3.161,1.228,5.307,5.72,5.72,5.72,5.72,18.085,18.085,0,18.085,1.232,30.331,38.247,81.784,417.065,84.527,84.527,12.246,51.062,0,1.044,129.986,544456,127.884,1
18,1728,2011,SUMM_STD,ARDNA,ARDEN GROUP INC  -CL A,681714.159,2.129,,135.063,4.292,263.569,3.094,3.094,1.228,4.975,5.5,5.5,5.5,5.5,17.005,17.005,0,17.005,2.377,28.423,37.475,89.14,429.483,91.759,91.759,11.418,60.039,0,0.076,134.817,680113,135.063,1
19,1728,2011,STD,ARDNA,ARDEN GROUP INC  -CL A,681712.03,2.129,,135.063,4.292,263.569,3.094,3.094,1.228,4.975,5.5,5.5,5.5,5.5,17.005,17.005,0,17.005,0.248,28.423,37.475,89.14,429.483,91.759,91.759,11.418,60.039,0,0.076,134.817,680113,135.063,1
20,1728,2012,SUMM_STD,ARDNA,ARDEN GROUP INC  -CL A,426718.109,0,,90.047,5.734,266.211,3.071,3.071,1.228,4.953,6.16,6.16,6.16,6.16,18.919,18.919,0,18.919,0.167,31.659,38.074,43.568,439.038,46.194,46.194,12.74,14.334,0,0.083,136.299,425363,90.047,1
21,1728,2012,STD,ARDNA,ARDEN GROUP INC  -CL A,426718.109,0,,90.047,5.734,266.211,3.071,3.071,1.228,4.953,6.16,6.16,6.16,6.16,18.919,18.919,0,18.919,0.167,31.659,38.074,43.568,439.038,46.194,46.194,12.74,14.334,0,0.083,136.299,425363,90.047,1
22,1920,2010,SUMM_STD,AVP,AVON PRODUCTS,,,,7873.7,,,431.35,428.75,2408.6,,1.39,1.29,1.4,,,566,3,,,,1627.4,4610.8,10754.2,1656.5,1672.6,,1228,,,,1108048289,7873.7,1
23,1920,2010,STD,AVP,AVON PRODUCTS,,,,7873.7,331.2,3803.5,431.35,428.75,2408.6,158.3,1.39,1.36,1.4,1.37,590.9,595.2,4.3,605.9,10.2,945.4,1627.4,4610.8,10862.8,1656.5,1672.6,350.2,1228,15,91.8,5666.2,1108048289,7873.7,1
24,1920,2011,SUMM_STD,AVP,AVON PRODUCTS,1112010515,78.68999982,,7735,276.4,3832.7,432.1,430.5,2459.1,221.1,1.18,1.54,1.18,1.55,671.4,675.6,4.2,513.6,-58.6,980.1,1571.5,4726.1,11099.5,1570.4,1585.2,304.5,1207.8,-157.8,93.3,5913.7,1111956686,7735,1
25,1920,2011,STD,AVP,AVON PRODUCTS,1112010436,78.68999982,,7735,276.7,3941.9,432.1,430.5,2459.1,195.5,1.18,1.2,1.18,1.2,522.2,526.4,4.2,512.7,-18.7,742.6,1571.5,4726.1,11291.6,1570.4,1585.2,216.2,1207.8,-9.5,93.3,5996.6,1111956686,7735,1
26,1920,2012,SUMM_STD,AVP,AVON PRODUCTS,1689981350,-60.79999995,,7382.5,228.5,3886.1,432.5,431.9,2623.8,212.5,-0.1,0.2,-0.1,0.2,89,93.3,4.3,-42.5,-158.7,428.7,1526,4357.8,10561.4,1217.1,1233.3,335.4,1224.3,-131.5,106.3,5769.1,1689932155,7382.5,1
27,1920,2012,STD,AVP,AVON PRODUCTS,1689981411,-60.79999995,,7382.5,228.8,3976.6,431.9,431.9,2623.9,188.2,-0.1,-0.1,-0.1,-0.1,-42.5,-38.2,4.3,-42.5,-13.7,218.6,1550.2,4357.8,10717.1,1217.1,1233.3,256.8,1224.3,0,106.3,5859.8,1689932155,7382.5,1
28,1920,2013,SUMM_STD,AVP,AVON PRODUCTS,1058527304,-483.9,,6492.3,197.3,3504,433.4,433.4,2532.7,224.6,-0.13,-0.01,-0.13,-0.01,-5.5,-1,4.5,-55.9,-506.4,162.6,1393.3,4196.7,9955,1110.1,1127.5,163.6,1238.6,-50.4,122,5435.4,1058482703,6492.3,1
29,1920,2013,STD,AVP,AVON PRODUCTS,1058527788,-483.9,,6492.3,197.3,3504,433.4,433.4,2532.7,224.6,-0.13,-0.01,-0.13,-0.01,-5.5,-1,4.5,-55.9,-22.5,162.6,1393.3,4196.7,9955,1110.1,1127.5,163.6,1238.6,-50.4,122,5435.4,1058482703,6492.3,1
30,1932,2010,STD,BTI,BRITISH AMER TOBACCO PLC,,,,42882.112,764.982,14836.347,997,991.5,13723.507,783.453,4.45,4.45,4.46,4.46,4431.357,4833.088,401.731,4431.357,1005.097,6754.01,4797.686,6064.447,23195.744,14169.875,14696.282,1920.922,1557.67,0,897.354,,41733652,42882.112,1
31,1932,2011,STD,BTI,BRITISH AMER TOBACCO PLC,,,,42134.79,792.387,14997.866,991,985,13221.987,776.85,4.85,4.85,4.88,4.88,4808.702,5243.738,435.036,4808.702,1207.225,7661.295,4734.124,6486.697,24259.472,12689.068,13166.054,2417.557,1006.798,0,880.948,,72344381,42134.79,1
32,1932,2012,STD,BTI,BRITISH AMER TOBACCO PLC,,,,44439.167,1079.796,15200.09,974.5,969.5,14770.774,738.295,6.41,6.41,6.44,6.44,6246.234,6703.196,456.962,6246.234,1326.978,9184.778,5205.466,8256.218,25074.378,12150.967,12650.211,2481.582,1697.753,0,943.196,,57269012,44439.167,1
33,1932,2013,STD,BTI,BRITISH AMER TOBACCO PLC,,,,44552.569,951.348,15418.793,954,950.5,16103.298,697.765,6.78,6.78,6.81,6.81,6470.49,6959.423,488.933,6470.49,1470.115,9611.263,5230.754,11142.7,25639.978,10995.192,11494.069,2651.84,1793.307,0,1017.644,,58240883,44552.569,1
34,2390,2010,SUMM_STD,BRID,BRIDGFORD FOODS CORP,897023.393,0,,60.523,1.769,68.395,9.334,9.334,0,2.168,0.46,0.46,0.46,0.46,4.319,4.319,0,4.319,0,5.523,7.892,24.471,117.655,36.2,36.2,1.204,29.836,0,0,41.569,896495,60.523,1
35,2390,2010,STD,BRID,BRIDGFORD FOODS CORP,897023.393,0,,60.523,1.769,68.933,9.334,9.334,0,2.168,0.46,0.46,0.46,0.46,4.319,4.319,0,4.319,0,5.523,7.892,24.471,117.655,36.2,36.2,1.204,29.836,0,0,41.031,896495,60.523,1
36,2390,2011,SUMM_STD,BRID,BRIDGFORD FOODS CORP,1031141.358,-0.398,,56.966,1.852,78.934,9.278,9.278,0,1.802,-0.05,-0.05,-0.05,-0.05,-0.443,-0.443,0,-0.443,0,-1.112,7.903,23.096,118.263,24.838,24.838,-0.669,24.015,0,0,38.639,1030667,56.966,1
37,2390,2011,STD,BRID,BRIDGFORD FOODS CORP,1031141.756,-0.398,,56.966,1.852,79.226,9.278,9.278,0,1.802,-0.05,-0.05,-0.05,-0.05,-0.443,-0.443,0,-0.443,0.199,-1.112,7.903,23.096,118.263,24.838,24.838,-0.669,24.015,0,0,38.546,1030667,56.966,1
38,2390,2012,SUMM_STD,BRID,BRIDGFORD FOODS CORP,479721.992,-0.878,,61.55,1.04,81.343,9.183,9.183,1.468,1.716,0.4,0.4,0.4,0.4,3.651,3.651,0,3.651,0,4.016,9.076,26.747,127.355,20.144,20.144,0.365,25.279,0,,40.28,479208,61.55,1
39,2390,2012,STD,BRID,BRIDGFORD FOODS CORP,479722.87,-0.878,,61.55,1.04,82.398,9.183,9.183,1.468,1.716,0.4,0.4,0.4,0.4,3.651,3.651,0,3.651,0.439,4.016,9.076,26.747,127.355,20.144,20.144,0.365,25.279,0,,39.664,479208,61.55,1
40,2390,2013,SUMM_STD,BRID,BRIDGFORD FOODS CORP,442732.828,-0.306,,64.764,4.378,81.33,9.152,9.152,1.328,2.236,0.32,0.32,0.32,0.32,2.916,2.916,0,2.916,0,3.085,11.212,29.205,129.003,33.455,33.455,0.169,24.76,0,,42.352,442178,64.764,1
41,2390,2013,STD,BRID,BRIDGFORD FOODS CORP,442733.134,-0.306,,64.764,4.378,82.805,9.152,9.152,1.328,2.236,0.32,0.32,0.32,0.32,2.916,2.916,0,2.916,0.153,3.085,11.212,29.205,129.003,33.455,33.455,0.169,24.76,0,,41.03,442178,64.764,1
42,2435,2009,SUMM_STD,BF.B,BROWN-FORMAN  -CL B,123218665.2,1646.609,,3383,34,1561,222.885,221.773,508,59,2.01,2.01,2.02,2.02,449,449,,449,-4,682,468,2464,3226,1895,1895,233,981,0,31,889,123195176,3383,1.5
43,2435,2009,STD,BF.B,BROWN-FORMAN  -CL B,123217018.6,1646.609,,3383,34,804,148.575,147.834,508,59,3.02,3.02,3.03,3.03,449,449,,449,7.6,682,468,2464,2469,1895,1895,233,981,0,31,889,123195176,3383,1.5
44,2435,2010,SUMM_STD,BF.B,BROWN-FORMAN  -CL B,79503913.14,1829.881,,3712,39,1629,219.791,218.426,504,56,2.6,2.6,2.61,2.61,572,572,0,572,73,829,393,2710,3404,2060,2060,257,1269,0,29,934,79478077,3712,1.5
45,2435,2010,STD,BF.B,BROWN-FORMAN  -CL B,79502083.26,1829.881,,3712,39,811,146.513,145.603,504,56,3.9,3.9,3.92,3.92,572,572,0,572,17,829,393,2710,2589,2060,2060,257,1269,0,29,934,79478077,3712,1.5
46,2435,2011,SUMM_STD,BF.B,BROWN-FORMAN  -CL B,68784064.67,1920.799,,3477,58,1773,216.104,214.549,503,49,2.37,2.37,2.39,2.39,513,513,0,513,4,760,399,3031,3614,2069,2069,247,1345,0,31,1005,68758173,3477,1.5
47,2435,2011,STD,BF.B,BROWN-FORMAN  -CL B,68782143.87,1920.799,,3477,58,882,144.055,143.019,503,49,3.56,3.56,3.59,3.59,513,513,0,513,4,760,399,3031,2723,2069,2069,247,1345,0,31,1005,68758173,3477,1.5
48,2435,2012,SUMM_STD,BF.B,BROWN-FORMAN  -CL B,96442511.9,1861,,3626,95,1778,214.986,213.369,997,51,2.75,2.75,2.77,2.77,591,591,0,591,-5,865,450,2500,3784,1628,1628,274,1348,0,27,1058,96416568.5,3626,1
49,2435,2012,STD,BF.B,BROWN-FORMAN  -CL B,96440650.9,1861,,3626,95,843,214.986,213.369,997,51,2.75,2.75,2.77,2.77,591,591,0,591,4,865,450,2500,2849,1628,1628,274,1348,0,27,1058,96416568.5,3626,1
50,2435,2013,SUMM_STD,BF.B,BROWN-FORMAN  -CL B,84125522.82,1910,,4103,126,1818,215.082,213.454,997,50,3.06,3.06,3.08,3.08,659,659,0,659,17,947,526,2894,3946,2032,2032,288,1616,0,26,1122,84096461,4103,1
51,2435,2013,STD,BF.B,BROWN-FORMAN  -CL B,84123612.82,1910,,4103,126,863,215.082,213.454,997,50,3.06,3.06,3.08,3.08,659,659,0,659,17,947,526,2894,2991,2032,2032,288,1616,0,26,1122,84096461,4103,1
52,2606,2009,SUMM_STD,CAGAQ,CAGLE'S INC  -CL A,656863.858,0,,87.619,2.482,281.403,4.617,4.617,25.033,4.492,0.55,0.55,0.55,0.55,2.537,2.537,0,2.537,0.071,3.775,34.869,27.199,307.091,35.335,35.335,1.238,16.76,0,1.605,15.887,655876,87.619,1
53,2606,2009,STD,CAGAQ,CAGLE'S INC  -CL A,656863.858,0,,87.619,2.482,281.403,4.617,4.617,25.033,4.492,0.55,0.55,0.55,0.55,2.537,2.537,0,2.537,0.071,3.775,34.869,27.199,307.091,35.335,35.335,1.238,16.76,0,1.605,15.887,655876,87.619,1
54,2606,2010,SUMM_STD,CAGAQ,CAGLE'S INC  -CL A,1058575.971,0,,90.313,3.556,288.267,4.616,4.616,16.28,5.175,-0.12,-0.12,-0.12,-0.12,-0.566,-0.566,0,-0.566,0.167,-0.342,33.245,26.633,310.098,34.769,34.769,0.224,10.285,0,1.267,15.898,1057607,90.313,1
55,2606,2010,STD,CAGAQ,CAGLE'S INC  -CL A,1058575.971,0,,90.313,3.556,288.267,4.616,4.616,16.28,5.175,-0.12,-0.12,-0.12,-0.12,-0.566,-0.566,0,-0.566,0.167,-0.342,33.245,26.633,310.098,34.769,34.769,0.224,10.285,0,1.267,15.898,1057607,90.313,1
56,2663,2010,SUMM_STD,CPB,CAMPBELL SOUP CO,610664098.4,-7061.3,,6276,315,,343,340,1945,,2.42,2.27,2.44,2.29,791,791,0,844,,1166,2051,8760,7085,926,929,375,-378,53,116,,610625084,6276,1
57,2663,2010,STD,CPB,CAMPBELL SOUP CO,610671159.7,,,6276,315,4275,343,340,1945,251,2.42,2.42,2.44,2.44,844,844,,844,6,1242,2051,8760,7676,926,929,398,-378,0,116,1786,610625084,6276,1
58,2663,2011,SUMM_STD,CPB,CAMPBELL SOUP CO,594295626.4,-1276.32,,6862,272,4002,329,326,2427,253,2.42,2.26,2.44,2.28,752,749,-3,805,-59,1100,2103,9185,7143,1088,1096,351,-26,53,123,1606,594248217,6862,1
59,2663,2011,STD,CPB,CAMPBELL SOUP CO,594296902.7,-1276.32,,6862,272,4351,329,326,2427,265,2.42,2.42,2.44,2.44,805,802,-3,805,2,1168,2103,9185,7719,1088,1096,366,-26,0,123,1748,594248217,6862,1
60,2663,2012,SUMM_STD,CPB,CAMPBELL SOUP CO,507401238.4,-1130.25,,6530,323,4118,319,317,2004,247,2.41,2.29,2.43,2.3,734,724,-10,774,-8,1049,2127,9584,7175,898,898,325,-299,40,116,1637,507355076,6530,1
61,2663,2012,STD,CPB,CAMPBELL SOUP CO,507402368.7,-1130.25,,6530,323,4457,319,317,2004,259,2.41,2.41,2.43,2.43,774,764,-10,774,6,1106,2127,9584,7707,898,898,342,-299,0,116,1756,507355076,6530,1
62,2663,2013,SUMM_STD,CPB,CAMPBELL SOUP CO,471361123.3,-180,,8323,336,4667,317,314,2544,382,1.44,2.17,1.46,2.19,689,680,-9,458,-158,955,2260,1772,8052,1217,1210,275,-1061,-231,138,1752,471317910,8323,1
63,2663,2013,STD,CPB,CAMPBELL SOUP CO,471361303.3,-180,,8323,336,4667,317,314,2544,396,1.44,2.17,1.46,2.19,689,680,-9,458,8,955,2260,1772,8052,1217,1210,275,-1061,-231,138,1752,471317910,8323,1
64,2710,2009,SUMM_STD,STZ,CONSTELLATION BRANDS,634017088.1,-886.6,,8094.3,107.7,2043.8,221.21,219.831,3277.1,143.8,0.45,0.45,,,99.3,99.3,0,99.3,,259.3,1567.2,1102.8,3364.8,2576.3,2576.3,160,1216.5,0,265.1,,633981498,8094.3,1
65,2710,2009,STD,STZ,CONSTELLATION BRANDS,634017974.7,-886.6,,8094.3,107.7,2038,221.21,219.831,3277.1,149.6,0.45,0.45,0.45,0.45,99.3,99.3,0,99.3,224,259.3,1567.2,1102.8,3364.8,2576.3,2576.3,160,1216.5,0,275.5,651.3,633981498,8094.3,1
66,2710,2010,SUMM_STD,STZ,CONSTELLATION BRANDS,466175006.4,-975,,7167.6,89.1,2020.2,213.765,210.91,3136.7,119.2,2.62,2.62,,,559.5,559.5,,559.5,,551,1219.6,1662.3,3332,2551.9,2551.9,-8.5,1420.1,0,195.3,,466139721,7167.6,1
67,2710,2010,STD,STZ,CONSTELLATION BRANDS,466175981.4,-975,,7167.6,89.1,2014.7,213.765,210.91,3136.7,122.5,2.62,2.62,2.65,2.65,559.5,559.5,,559.5,247.3,551,1219.6,1662.3,3332,2551.9,2551.9,-8.5,1420.1,0,198.8,721.1,466139721,7167.6,1
68,2710,2011,SUMM_STD,STZ,CONSTELLATION BRANDS,520029815.2,-71.06,,7109.9,68.4,1491.9,208.655,204.314,2421.4,98.4,2.13,2.13,,,445,445,,445,175,534,1255.8,2107.3,2654.3,2676,2676,89,834.7,0,181,524,519996055,7109.9,1
69,2710,2011,STD,STZ,CONSTELLATION BRANDS,520029886.3,-71.06,,7109.9,68.4,1486.8,208.655,204.314,2421.4,103.5,2.13,2.13,2.18,2.18,445,445,,445,235.1,534,1255.8,2107.3,2654.3,2676,2676,89,834.7,0,187.6,524,519996055,7109.9,1
70,2710,2012,SUMM_STD,STZ,CONSTELLATION BRANDS,584829038.3,-43.3599999,,7638.1,62.1,1571.8,190.307,182.19,3277.8,108.2,2.04,2.04,,,387.8,387.8,,387.8,197.7,516.4,1229,2495.1,2796.1,2860.3,2860.3,128.6,1793.3,0,227.1,570.3,584791527,7638.1,1
71,2710,2012,STD,STZ,CONSTELLATION BRANDS,584829081.6,-43.3599999,,7638.1,62.1,1564.6,190.307,182.19,3277.8,115.4,2.04,2.04,2.13,2.13,387.8,387.8,,387.8,240.9,516.4,1229,2495.1,2796.1,2860.3,2860.3,128.6,1793.3,0,233.9,559.4,584791527,7638.1,1
72,2710,2013,SUMM_STD,STZ,CONSTELLATION BRANDS,639388464.3,1232.34,,14302.1,223.5,2719.2,197.57,188.154,6373.3,139.8,9.83,9.83,,,1943.1,1943.1,,1943.1,1356.2,2202.3,2014.3,4438.2,4867.7,4981.3,4981.3,259.2,721.5,0,323.2,839.4,639317184,14302.1,1
73,2710,2013,STD,STZ,CONSTELLATION BRANDS,639387231.9,1232.34,,14302.1,223.5,2703.7,197.57,188.154,6373.3,155.3,9.83,9.83,10.33,10.33,1943.1,1943.1,,1943.1,95.5,2202.3,2014.3,4438.2,4867.7,4981.3,4981.3,259.2,721.5,0,330.9,839.4,639317184,14302.1,1
74,2807,2009,SUMM_STD,CASY,CASEYS GENERAL STORES INC,117383000.3,899.498,,1388.775,129.233,3844.735,51.053,50.899,154.754,73.546,2.29,2.29,2.3,2.3,116.962,116.962,0,116.962,-6.862,181.582,1010.911,759.88,4637.087,824.319,824.319,64.62,69.199,0,10.933,519.429,117366662,1388.775,1
75,2807,2009,STD,CASY,CASEYS GENERAL STORES INC,117382100.8,899.498,,1388.775,129.233,3390.735,51.053,50.899,154.754,73.546,2.29,2.29,2.3,2.3,116.962,116.962,0,116.962,0.731,181.582,1010.911,759.88,4183.087,824.319,824.319,64.62,69.377,0,11.664,519.429,117366662,1388.775,1
76,2807,2010,SUMM_STD,CASY,CASEYS GENERAL STORES INC,194162343.5,961.08,,1610.955,214.573,4754.173,42.567,42.285,678.68,82.355,2.22,2.22,2.24,2.24,94.623,94.623,0,94.623,-27.388,151.237,1217.305,399.9,5635.24,403.896,403.896,56.614,-0.613,0,28.497,591.59,194144153,1610.955,1
77,2807,2010,STD,CASY,CASEYS GENERAL STORES INC,194161382.4,961.08,,1610.955,214.573,4259.173,42.567,42.285,678.68,82.355,2.22,2.22,2.24,2.24,94.623,94.623,0,94.623,0.766,151.237,1217.305,399.9,5140.24,403.896,403.896,56.614,-0.613,0,29.263,591.59,194144153,1610.955,1
78,2807,2011,SUMM_STD,CASY,CASEYS GENERAL STORES INC,74231258.13,1052.236,,1774.815,240.874,5984.114,38.392,38.068,667.93,96.552,3.04,3.04,3.07,3.07,116.791,116.791,0,116.791,0,183.515,1378.749,493.842,6987.804,506.041,506.041,66.724,-27.363,0,35.192,688.431,74209460,1774.815,1
79,2807,2011,STD,CASY,CASEYS GENERAL STORES INC,74230205.89,1052.236,,1774.815,240.874,5457.114,38.392,38.068,667.93,96.552,3.04,3.04,3.07,3.07,116.791,116.791,0,116.791,0.882,183.515,1378.749,493.842,6460.804,506.041,506.041,66.724,-27.363,0,36.074,688.431,74209460,1774.815,1
80,2807,2012,SUMM_STD,CASY,CASEYS GENERAL STORES INC,66788676.65,1189.79,,1984.018,305.301,6168.475,38.62,38.297,653.081,111.823,2.86,2.86,2.89,2.89,110.625,110.625,0,110.625,0,175.129,1581.925,579.176,7250.84,602.295,602.295,64.504,-124.931,0,35.048,760.365,66765522,1984.018,1
81,2807,2012,STD,CASY,CASEYS GENERAL STORES INC,66787486.86,1189.79,,1984.018,305.301,5572.475,38.62,38.297,653.081,111.823,2.86,2.86,2.89,2.89,110.625,110.625,0,110.625,1.105,175.129,1581.925,579.176,6654.84,602.295,602.295,64.504,-124.931,0,36.153,760.365,66765522,1984.018,1
82,2807,2013,SUMM_STD,CASY,CASEYS GENERAL STORES INC,58943004.4,1289.218,,2293.462,308.633,6605.996,38.868,38.458,853.642,131.16,3.46,3.46,3.5,3.5,134.514,134.514,0,134.514,0,206.532,1778.965,685.988,7840.255,719.866,719.866,72.018,15.201,0,39.27,857.297,58917087,2293.462,1
83,2807,2013,STD,CASY,CASEYS GENERAL STORES INC,58941715.18,1289.218,,2293.462,308.633,5959.996,38.868,38.458,853.642,131.16,3.46,3.46,3.5,3.5,134.514,134.514,0,134.514,1.391,206.532,1778.965,685.988,7194.255,719.866,719.866,72.018,15.201,0,40.661,857.297,58917087,2293.462,1
84,2812,2010,SUMM_STD,DOLE,DOLE FOOD CO INC,135060156.4,-4184.696,,4257,87.402,4255.436,87.866,87.451,1564.325,75.9,-0.39,0.88,-0.39,0.88,76.742,78.04,1.298,-34.124,16.245,84.04,943.03,71.083,4686.858,792.169,816.784,6,695,-110.866,8.256,279.471,135037072,4257,1
85,2812,2010,STD,DOLE,DOLE FOOD CO INC,135064341.1,,,4256.99,87.402,6088.625,87.451,87.451,1564.325,114.239,-0.39,-0.43,-0.39,-0.43,-37.71,-33.752,3.958,-34.124,-42.415,-20.358,943.03,71.083,6892.614,792.169,816.784,13.394,695.174,3.586,163.95,498.866,135037072,4256.99,1
86,2812,2011,SUMM_STD,DOLE,DOLE FOOD CO INC,93613790.06,-4772.916,-0.005098518,4271.322,82.187,4311.86,88.081,87.619,1641.112,63.9,0.44,1.15,0.44,1.15,100.491,101.778,1.287,38.359,-3.57,99.708,910.729,109.442,4778.424,792.504,818.421,-2.07,728.724,-62.132,9.628,289.758,93590257,4271.322,1
87,2812,2011,STD,DOLE,DOLE FOOD CO INC,93618562.98,-4772.916,-0.005098518,4270.071,82.187,6329.47,88.081,87.619,1641.112,103.921,0.44,0.44,0.44,0.44,38.221,41.655,3.434,38.359,-8.285,48.176,910.729,109.442,7223.836,792.504,818.421,6.521,729.975,0.138,142.43,535.132,93590257,4270.071,1
88,2812,2012,SUMM_STD,DOLE,DOLE FOOD CO INC,212424785.2,-52.523,,4229.771,105.843,3813.142,87.84,87.84,1512.646,65.8,-1.64,0,-1.64,0,-0.096,1.205,1.301,-144.463,-32.023,11.96,688.89,-35.021,4246.708,686.135,712.526,10.755,1265.491,-144.367,12.219,311.564,212403062,4229.771,1
89,2812,2012,STD,DOLE,DOLE FOOD CO INC,212424837.7,-52.523,,4229.771,105.843,3813.142,87.84,87.84,1512.646,65.8,-1.64,0,-1.64,0,-0.096,1.205,1.301,-144.463,20.5,11.96,688.89,-35.021,4246.708,686.135,712.526,10.755,1265.491,-144.367,12.219,311.564,212403062,4229.771,1
90,2911,2010,SUMM_STD,3089B,UNIFIED GROCERS INC,10706.848,-100.988,,927.688,7.773,3504.32,,,224.926,25.444,,,,,10.978,10.978,0,10.978,0,17.101,186.568,81.833,3870.565,187.47,187.47,6.123,194.245,0,11.511,312.189,,927.688,1
91,2911,2010,STD,3089B,UNIFIED GROCERS INC,10807.836,-100.988,,927.688,7.773,3558.158,,,224.926,22.1,,,,,10.978,10.978,0,10.978,0,17.101,186.568,81.833,3921.059,187.47,187.47,6.123,194.245,0,11.511,312.189,,927.688,1
92,2911,2011,SUMM_STD,3089B,UNIFIED GROCERS INC,10528.648,-97.092,,923.678,8.94,3446.434,,,226.162,23.239,,,,,7.387,7.387,0,7.387,0,12.66,179.811,85.047,3799.229,180.705,180.705,5.273,193.03,0,12.342,304.554,,923.678,1
93,2911,2011,STD,3089B,UNIFIED GROCERS INC,10625.74,-97.092,,923.678,8.94,3499.119,,,226.162,19.1,,,,,7.387,7.387,0,7.387,0,12.66,179.811,85.047,3847.775,180.705,180.705,5.273,193.03,0,12.342,304.554,,923.678,1
94,2911,2012,SUMM_STD,3089B,UNIFIED GROCERS INC,10313.792,-70.15,,920.975,12.799,3426.248,,,196.484,26.079,,,,,1.953,1.953,0,1.953,0,1.76,176.338,84.229,3761.197,154.929,154.929,-0.193,163.074,0,12.572,294.538,,920.975,1
95,2911,2012,STD,3089B,UNIFIED GROCERS INC,10383.942,-70.15,,920.975,12.799,3466.402,,,196.484,21,,,,,1.953,1.953,0,1.953,0,1.76,176.338,84.229,3796.272,154.929,154.929,-0.193,163.074,0,12.572,294.538,,920.975,1
96,2911,2013,SUMM_STD,3089B,UNIFIED GROCERS INC,10123.261,-7.103,,913.382,10.418,3387.077,,,231.531,25.572,,,,,-17.644,-17.644,0,-17.644,-7.103,-27.726,171.73,63.773,3691.564,180.646,180.646,-10.082,150.845,0,12.803,286.735,,913.382,1
97,2911,2013,STD,3089B,UNIFIED GROCERS INC,10130.364,-7.103,,913.382,10.418,3392.449,,,231.531,20.2,,,,,-17.644,-17.644,0,-17.644,0,-27.726,171.73,63.773,3691.564,180.646,180.646,-10.082,150.845,0,12.803,286.735,,913.382,1
98,3026,2010,SUMM_STD,CHD,CHURCH & DWIGHT INC,117069525.8,-146.338,,2945.194,63.833,1360.649,144.402,142.062,,67.813,1.87,1.87,1.91,1.91,270.717,270.694,-0.023,270.717,-25.789,418.256,468.324,1501.795,2589.22,1870.689,1870.859,147.562,202.389,0,27.164,689.549,117051275,2945.194,2
99,3026,2010,STD,CHD,CHURCH & DWIGHT INC,117069672.2,-146.338,,2945.194,63.833,1360.649,72.201,71.031,249.673,67.813,3.75,3.75,3.81,3.81,270.717,270.694,-0.023,270.717,6.548,418.256,468.324,1501.795,2589.22,1870.689,1870.859,147.562,202.389,0,27.164,689.549,117051275,2945.194,2
100,3026,2011,SUMM_STD,CHD,CHURCH & DWIGHT INC,202765269.2,-271.5,,3117.6,76.6,1457.7,145.8,143.2,,72.7,2.12,2.12,2.16,2.16,309.6,309.6,0,309.6,8.2,494.6,506,1714,2749.3,2040.6,2040.8,185,371.6,0,10.6,721.9,202745357,3117.6,1
101,3026,2011,STD,CHD,CHURCH & DWIGHT INC,202765540.7,-271.5,,3117.6,76.6,1457.7,145.8,143.2,267.1,72.7,2.12,2.12,2.16,2.16,309.6,309.6,0,309.6,12.6,494.6,506,1714,2749.3,2040.6,2040.8,185,371.6,0,10.6,721.9,202745357,3117.6,1
102,3026,2012,SUMM_STD,CHD,CHURCH & DWIGHT INC,198374311.4,-702.2,,4098.1,74.5,1545.5,142.7,140.1,,82.1,2.45,2.45,2.5,2.5,349.8,349.8,0,349.8,9.3,542.5,586,1929.3,2921.9,2060.9,2061.1,192.7,208.2,0,14.8,746.3,198351797,4098.1,1
103,3026,2012,STD,CHD,CHURCH & DWIGHT INC,198375013.6,-702.2,,4098.1,74.5,1545.5,142.7,140.1,699.3,82.1,2.45,2.45,2.5,2.5,349.8,349.8,0,349.8,12.2,542.5,586,1929.3,2921.9,2060.9,2061.1,192.7,208.2,0,14.8,746.3,198351797,4098.1,1
104,3026,2013,SUMM_STD,CHD,CHURCH & DWIGHT INC,159663292.3,-765,,4259.7,67.1,1667.7,141.2,138.6,,88.6,2.79,2.79,2.85,2.85,394.4,394.4,0,394.4,-2.8,597.8,594.1,2168.5,3194.3,2299.9,2300,203.4,464.6,0,28.1,809.3,159638817,4259.7,1
105,3026,2013,STD,CHD,CHURCH & DWIGHT INC,159664057.3,-765,,4259.7,67.1,1667.7,141.2,138.6,755.3,88.6,2.79,2.79,2.85,2.85,394.4,394.4,0,394.4,6.9,597.8,594.1,2168.5,3194.3,2299.9,2300,203.4,464.6,0,28.1,809.3,159638817,4259.7,1
106,3121,2010,STD,CLX,CLOROX CO/DE,311394059.8,453.1,,4555,203,2874,141.534,140.272,2124,181,4.24,4.24,4.28,4.28,603,603,,603,37,925,979,920,5534,83,83,322,-523,0,139,1382,311367578,4555,1
107,3121,2010,SUMM_STD,CLX,CLOROX CO/DE,311393606.7,453.1,,4548,201,2730,141.534,140.272,2124,183,4.24,3.69,4.28,3.73,526,526,,603,-33,805,966,920,5234,83,83,279,-156,77,139,1344,311367578,4548,1
108,3121,2011,SUMM_STD,CLX,CLOROX CO/DE,394101725,-301,,4163,228,2782,138.101,136.699,2125,173,4.02,2.07,4.06,2.09,287,287,,557,-250,563,1039,1143,5231,-86,-86,276,-86,270,123,1340,394077195,4163,1
109,3121,2011,STD,CLX,CLOROX CO/DE,394102026,-301,,4163,228,2785,138.101,136.699,2125,170,4.02,2.07,4.06,2.09,287,287,,557,51,563,1039,1143,5231,-86,-86,276,-86,270,123,1340,394077195,4163,1
110,3121,2012,SUMM_STD,CLX,CLOROX CO/DE,242195839.6,18,,4355,192,2995,132.31,130.852,1571,178,4.09,4.1,4.14,4.15,543,543,,541,22,791,1081,1350,5468,-135,-135,248,-685,-2,125,1401,242170757,4355,1
111,3121,2012,STD,CLX,CLOROX CO/DE,242195821.6,18,,4355,192,2998,132.31,130.852,1571,175,4.09,4.1,4.14,4.15,543,543,,541,16,791,1081,1350,5468,-135,-135,248,-685,-2,125,1389,242170757,4355,1
112,3121,2013,STD,CLX,CLOROX CO/DE,245535646.4,0,,4311,194,3040,132.969,131.075,2170,180,4.3,4.31,4.37,4.38,574,574,,572,9,853,1021,1561,5623,146,146,279,286,-2,122,1437,245507957,4311,1
113,3121,2013,SUMM_STD,CLX,CLOROX CO/DE,245535646.4,0,,4311,194,3038,132.969,131.075,2170,182,4.3,4.31,4.37,4.38,574,574,,572,9,853,1021,1561,5623,146,146,279,286,-2,122,1437,245507957,4311,1
114,3138,2010,STD,COKE,COCA-COLA BTLNG CONS,5370800.983,449.922,,1307.622,46.169,816.011,9.221,9.181,578.458,59.161,3.91,3.91,3.93,3.93,36.057,39.542,3.485,36.057,0,61.191,368.999,134.872,1514.599,127.895,184.417,21.649,87.959,0,35.127,544.009,5363455,1307.622,1
115,3138,2010,SUMM_STD,COKE,COCA-COLA BTLNG CONS,5370351.061,449.922,,1307.622,57.798,815.522,9.221,9.181,578.458,59.161,3.91,3.91,3.93,3.93,36.057,39.542,3.485,36.057,0.9,61.191,,133.041,1514.599,126.064,182.586,21.649,,0,35.127,544.498,5363455,1307.622,1
116,3138,2011,SUMM_STD,COKE,COCA-COLA BTLNG CONS,7205948.702,-3.708000001,,1362.425,53.156,869.878,9.244,9.204,472.699,62.118,3.09,3.09,3.11,3.11,28.608,32.023,3.415,28.608,0,51.551,362.724,152.446,1561.239,129.47,189.407,19.528,18.442,0,35.979,541.713,7198579,1362.425,1
117,3138,2011,STD,COKE,COCA-COLA BTLNG CONS,7205952.41,-3.708000001,,1361.17,53.156,870.31,9.244,9.204,472.699,62.118,3.09,3.09,3.11,3.11,28.608,32.023,3.415,28.608,0,51.551,372.593,154.277,1561.239,131.301,191.238,19.528,9.298,0,35.979,541.281,7198579,1361.17,1
118,3138,2012,SUMM_STD,COKE,COCA-COLA BTLNG CONS,3621710.321,-0.275,,1283.474,53.271,898.265,9.266,9.226,467.737,61.584,2.94,2.94,2.95,2.95,27.217,31.459,4.242,27.217,-0.275,53.348,361.617,170.439,1614.433,135.259,199.438,21.889,25,0,35.338,565.623,3614359,1283.474,1
119,3138,2012,STD,COKE,COCA-COLA BTLNG CONS,3621710.596,-0.275,,1283.474,53.271,898.681,9.266,9.226,467.737,61.584,2.94,2.94,2.95,2.95,27.217,31.459,4.242,27.217,0,53.348,361.617,170.439,1614.433,135.259,199.438,21.889,25,0,35.338,565.207,3614359,1283.474,1
120,3138,2013,STD,COKE,COCA-COLA BTLNG CONS,4118452.994,12.014,,1276.156,61.432,924.353,9.286,9.246,437.616,58.671,2.98,2.98,2.99,2.99,27.675,32.102,4.427,27.675,0,44.244,351.979,188.869,1641.331,191.32,259.926,12.142,30.399,0,29.403,572.646,4110973,1276.156,1
121,3138,2013,SUMM_STD,COKE,COCA-COLA BTLNG CONS,4118440.98,12.014,,1276.156,61.432,924.02,9.286,9.246,437.616,58.671,2.98,2.98,2.99,2.99,27.675,32.102,4.427,27.675,-12.014,44.244,351.979,188.869,1641.331,191.32,259.926,12.142,30.399,0,29.403,572.979,4110973,1276.156,1
122,3144,2010,SUMM_STD,KO,COCA-COLA CO,2587225563,8360.8,0.000323157,72921,2215,11132,4667,4616,14041,1306,2.53,2.53,2.55,2.55,11787,11837,50,11787,5047,14207,14727,49337,35119,31003,31317,2370,3071,0,391,13130,2586806552,72921,2
123,3144,2010,STD,KO,COCA-COLA CO,2587217202,8360.8,0.000323157,72921,2215,11132,2333,2308,14041,1306,5.06,5.06,5.12,5.12,11809,11859,50,11809,1297,14243,14727,49278,35119,31003,31317,2384,3071,0,391,13094,2586806552,72921,2
124,3144,2011,STD,KO,COCA-COLA CO,2293109649,-4599.58,-0.000200583,79974,2920,16322,2323,2284,13656,1864,3.69,3.69,3.75,3.75,8572,8634,62,8572,1032,11439,14939,53550,46565,31635,31921,2805,1214,0,408,17450,2292671517,79974,2
125,3144,2011,SUMM_STD,KO,COCA-COLA CO,2293114248,-4599.58,-0.000200583,79974,2920,16321,4646,4568,13656,1864,1.85,1.85,1.88,1.88,8584,8646,62,8584,918,11458,14939,53621,46565,31635,31921,2812,1214,0,408,17432,2292671517,79974,2
126,3144,2012,SUMM_STD,KO,COCA-COLA CO,3764883817,-358,,86174,2780,17157,4584,4504,14736,1896,1.97,1.97,2,2,9019,9086,67,9019,982,11809,14476,58045,48017,32790,33168,2723,2507,0,397,17740,3764415958,86174,1
127,3144,2012,STD,KO,COCA-COLA CO,3764884175,-358,,86174,2780,17157,4584,4504,14736,1896,1.97,1.97,2,2,9019,9086,67,9019,1340,11809,14476,58045,48017,32790,33168,2723,2507,0,397,17740,3764415958,86174,1
128,3144,2013,STD,KO,COCA-COLA CO,3632568167,461,,90055,2550,16513,4509,4434,19154,1908,1.9,1.9,1.94,1.94,8584,8626,42,8584,1220,11477,14967,61660,46854,33173,33440,2851,3493,0,410,17305,3632086294,90055,1
129,3144,2013,SUMM_STD,KO,COCA-COLA CO,3632567706,461,,90055,2550,16513,4509,4434,19154,1908,1.9,1.9,1.94,1.94,8584,8626,42,8584,759,11477,14967,61660,46854,33173,33440,2851,3493,0,410,17305,3632086294,90055,1
130,3170,2010,SUMM_STD,CL,COLGATE-PALMOLIVE CO,700749951.2,687.9399999,,11172,550,6006,1021.8,975.6,2815,376,2.16,2.16,2.22,2.22,2203,2313,110,2203,-269,3430,3693,14329,15564,2675,2817,1117,2,0,69,5414,700660182,11172,2
131,3170,2010,STD,CL,COLGATE-PALMOLIVE CO,700749263.2,687.9399999,,11172,550,6006,510.9,487.8,2815,376,4.31,4.31,4.45,4.45,2203,2313,110,2203,33,3430,3693,14329,15564,2675,2817,1117,2,0,69,5414,700660182,11172,2
132,3170,2011,STD,CL,COLGATE-PALMOLIVE CO,694641466.1,-954.38,,12724,537,6707,492,488.3,4430,421,4.94,4.94,4.98,4.98,2431,2554,123,2431,6,3789,3668,15649,16734,2375,2541,1235,686,0,59,5748,694542892,12724,2
133,3170,2011,SUMM_STD,CL,COLGATE-PALMOLIVE CO,694642420.5,-954.38,,12724,537,6707,984,976.6,4430,421,2.47,2.47,2.49,2.49,2431,2554,123,2431,-10,3789,3668,15649,16734,2375,2541,1235,686,0,59,5748,694542892,12724,2
134,3170,2012,SUMM_STD,CL,COLGATE-PALMOLIVE CO,494795386.7,787.86,,13394,565,6728,960.2,952.2,4926,425,2.57,2.57,2.6,2.6,2472,2631,159,2472,-67,3874,3842,16953,17085,2189,2390,1243,820,0,81,5910,494691976,13394,2
135,3170,2012,STD,CL,COLGATE-PALMOLIVE CO,494794598.9,787.86,,13394,565,6752,480.1,476.1,4926,425,5.15,5.15,5.19,5.19,2472,2631,159,2472,67,3874,3842,16953,17085,2189,2390,1243,820,0,81,5910,494691976,13394,2
136,3170,2013,STD,CL,COLGATE-PALMOLIVE CO,787177140.3,566,,13876,670,6765,939.9,930.8,4749,439,2.38,2.38,2.41,2.41,2241,2410,169,2241,120,3565,4083,17952,17420,2305,2536,1155,352,0,119,6086,787072130,13876,1
137,3170,2013,SUMM_STD,CL,COLGATE-PALMOLIVE CO,787176574.3,566,,13876,670,6765,939.9,930.8,4749,439,2.38,2.38,2.41,2.41,2241,2410,169,2241,-446,3565,4083,17952,17420,2305,2536,1155,352,0,119,6086,787072130,13876,1
138,3937,2009,SUMM_STD,AOI,ALLIANCE ONE INTL INC,188763773.3,-59.803,,1911.199,15.785,1881.584,106.041,88.627,788.88,30.265,0.78,0.78,0.89,0.89,79.167,79.946,0.779,79.167,-51.1,76.155,193.224,-49.242,2308.299,390.4,394.922,-3.791,795.229,0,113.819,155.376,188752473,1911.199,1
139,3937,2009,STD,AOI,ALLIANCE ONE INTL INC,188763833.1,-59.803,,1911.199,15.785,1884.517,106.041,88.627,788.88,30.265,0.78,0.78,0.89,0.89,79.167,79.946,0.779,79.167,8.703,76.155,193.224,-49.242,2308.299,390.4,394.922,-3.791,795.229,0,113.819,152.443,188752473,1911.199,1
140,3937,2010,SUMM_STD,AOI,ALLIANCE ONE INTL INC,171425333.8,9.713999987,,1808.33,69.525,1788.535,87.799,87.799,884.371,28.708,-0.81,-0.81,-0.81,-0.81,-71.551,-72.148,-0.597,-71.551,19.109,35.312,237.088,-120.793,2094.062,312.813,316.012,107.46,846.86,0,102.696,157.92,171414880,1808.33,1
141,3937,2010,STD,AOI,ALLIANCE ONE INTL INC,171425324.1,9.713999987,,1808.33,69.525,1791.45,87.799,87.799,884.371,28.708,-0.81,-0.81,-0.81,-0.81,-71.551,-72.148,-0.597,-71.551,9.395,35.312,237.088,-120.793,2094.062,312.813,316.012,107.46,846.86,0,102.696,155.005,171414880,1808.33,1
142,3937,2011,SUMM_STD,AOI,ALLIANCE ONE INTL INC,128689461.7,12.661,,1949.845,43.846,1828.882,110.177,87.023,821.453,34.233,0.3,0.3,0.34,0.34,29.451,29.191,-0.26,29.451,20.94,54.23,259.679,-91.342,2150.767,327.482,330.421,25.039,828.681,0,106.804,147.558,128678386,1949.845,1
143,3937,2011,STD,AOI,ALLIANCE ONE INTL INC,128689449,12.661,,1949.845,43.846,1838.403,110.177,87.023,821.453,34.233,0.3,0.3,0.34,0.34,29.451,29.191,-0.26,29.451,8.279,54.23,259.679,-91.342,2150.767,327.482,330.421,25.039,828.681,0,106.804,138.037,128678386,1949.845,1
144,3937,2012,SUMM_STD,AOI,ALLIANCE ONE INTL INC,66971907.37,23.002,,1911.579,39.86,1924.149,110.602,87.374,830.87,34.421,0.25,0.25,0.27,0.27,24.013,24.712,0.699,24.013,27.765,52.704,270.978,-67.329,2243.816,338.393,342.031,27.992,843.803,0,114.557,145.75,66960641,1911.579,1
145,3937,2012,STD,AOI,ALLIANCE ONE INTL INC,66971884.37,23.002,,1911.579,39.86,1932.631,110.602,87.374,830.87,34.421,0.25,0.25,0.27,0.27,24.013,24.712,0.699,24.013,4.763,52.704,270.978,-67.329,2243.816,338.393,342.031,27.992,843.803,0,114.557,137.268,66960641,1911.579,1
146,3937,2013,SUMM_STD,AOI,ALLIANCE ONE INTL INC,75543021.33,-60.15899999,,1775.287,24.928,2063.44,87.719,87.719,900.363,33.521,-0.99,-0.99,-0.99,-0.99,-86.659,-87.002,-0.343,-86.659,-55.17,-48.06,261.246,-153.988,2354.956,273.593,276.888,38.942,819.4,0,116.798,134.087,75532518,1775.287,1
147,3937,2013,STD,AOI,ALLIANCE ONE INTL INC,75543081.49,-60.15899999,,1775.287,24.928,2071.281,87.719,87.719,900.363,33.521,-0.99,-0.99,-0.99,-0.99,-86.659,-87.002,-0.343,-86.659,4.989,-48.06,261.246,-153.988,2354.956,273.593,276.888,38.942,819.4,0,116.798,126.246,75532518,1775.287,1
148,7660,2010,SUMM_STD,NRTI,INERGETICS INC,752243009.8,-2674.355,,0.413,0,0.153,16.919,16.919,0,0.001,-0.2,-0.2,-0.2,-0.2,-3.443,-3.443,0,-3.443,-0.28,-3.443,0,-70.803,0.259,-8.615,-8.615,0,-8.645,0,1.787,1.481,752243083,0.413,0.012500405
149,7660,2010,STD,NRTI,INERGETICS INC,752245684.2,-2674.355,,0.413,0,0.153,1353.559,1353.559,0,0.001,0,0,0,0,-3.443,-3.443,0,-3.443,-0.005,-3.443,0,-70.803,0.259,-8.615,-8.615,0,-8.645,0,1.787,1.481,752243083,0.413,0.012500405
150,7660,2011,SUMM_STD,NRTI,INERGETICS INC,4946308.738,-0.461,,0.402,0,0.078,24.099,24.099,1.455,0.001,-0.24,-0.24,-0.24,-0.24,-5.471,-5.471,0,-5.471,-0.46,-5.471,0,-76.274,0.137,-4.787,-4.787,0,-3.34,0,0.937,4.132,4946364.488,0.402,1
151,7660,2011,STD,NRTI,INERGETICS INC,4946309.199,-0.461,,0.402,0,0.078,24.099,24.099,1.455,0.001,-0.24,-0.24,-0.24,-0.24,-5.471,-5.471,0,-5.471,0,-5.471,0,-76.273,0.137,-4.787,-4.787,0,-3.34,0,0.937,4.132,4946364.488,0.402,1
152,7660,2012,SUMM_STD,NRTI,INERGETICS INC,17472888.82,-0.001000002,,2.752,0,0.085,37.314,37.314,0.04,0.001,-0.15,-0.15,-0.15,-0.15,-4.276,-4.276,0,-4.276,0.134,-6.486,0,-80.549,0.092,-4.551,-4.551,-2.21,-4.519,0,0.989,5.637,17472917,2.752,1
153,7660,2012,STD,NRTI,INERGETICS INC,17472888.82,-0.001000002,,2.752,0,0.085,37.314,37.314,0.04,0.001,-0.15,-0.15,-0.15,-0.15,-4.276,-4.276,0,-4.276,0.134,-6.486,0,-80.549,0.092,-4.551,-4.551,-2.21,-4.518,0,0.989,5.637,17472917,2.752,1
154,7660,2013,SUMM_STD,NRTI,INERGETICS INC,31323257.84,0.047000002,,6.078,0,0.601,55.307,55.307,1.53,0.002,-0.1,-0.1,-0.1,-0.1,-4.188,-4.188,0,-4.188,-0.044,-7.54,0,-84.737,0.848,-6.947,-6.947,-3.352,-6.123,0,1.205,6.536,31323252,6.078,1
155,7660,2013,STD,NRTI,INERGETICS INC,31323257.79,0.047000002,,6.078,0,0.601,55.307,55.307,1.53,0.002,-0.1,-0.1,-0.1,-0.1,-4.188,-4.188,0,-4.188,-0.091,-7.54,0,-84.737,0.848,-6.947,-6.947,-3.352,-6.123,0,1.205,6.536,31323252,6.078,1
156,7691,2010,SUMM_STD,NAFC,NASH FINCH CO,19854807.88,84.194,,1050.675,59.295,4634.138,13.186,12.819,311.186,36.119,3.86,3.86,3.97,3.97,50.941,50.941,,50.941,-1.7,72.126,240.066,303.584,5034.926,377.004,377.004,21.185,298.268,0,23.403,267.44,19840457,1050.675,1
157,7691,2010,STD,NAFC,NASH FINCH CO,19854723.69,84.194,,1050.675,59.295,4591.191,13.186,12.819,311.186,36.119,3.86,3.86,3.97,3.97,50.941,50.941,,50.941,0,72.126,240.066,303.584,4991.979,377.004,377.004,21.185,298.268,0,23.403,267.44,19840457,1050.675,1
158,7691,2011,SUMM_STD,NAFC,NASH FINCH CO,16993050.38,89.888,,1073.768,68.6,4475.433,13.068,12.808,294.451,35.704,2.74,2.74,2.8,2.8,35.805,35.805,,35.805,-6.6,58.428,273.099,330.47,4855.459,404.623,404.623,22.623,278.269,0,23.094,256.2,16978983,1073.768,1
159,7691,2011,STD,NAFC,NASH FINCH CO,16992960.5,89.888,,1073.768,68.6,4427.189,13.068,12.808,294.451,35.704,2.74,2.74,2.8,2.8,35.805,35.805,,35.805,0,58.428,273.099,330.47,4807.215,404.623,404.623,22.623,278.269,0,23.094,256.2,16978983,1073.768,1
160,7691,2012,SUMM_STD,NAFC,NASH FINCH CO,15874094.79,-162.991,,1003.617,39.499,4429.329,12.97,12.97,371.058,37.834,-7.24,-7.24,-7.24,-7.24,-93.872,-93.872,,-93.872,-162.991,-121.694,302.285,227.161,4820.797,296.389,296.389,-27.822,323.623,0,24.944,287.393,15861227,1003.617,1
161,7691,2012,STD,NAFC,NASH FINCH CO,15874257.78,-162.991,,1003.617,39.499,4429.329,12.97,12.97,371.058,37.834,-7.24,-7.24,-7.24,-7.24,-93.872,-93.872,,-93.872,0,-121.694,302.285,227.161,4820.797,296.389,296.389,-27.822,323.623,0,24.944,287.393,15861227,1003.617,1
162,7798,2010,SUMM_STD,0170A,NBTY INC,281380664.6,-674.953,,2200.768,69.454,1425.59,,,341.128,63.346,,,,,215.022,215.022,0,213.67,-41.776,329.292,,1198.467,2705.837,1379.953,1379.953,114.27,849.338,-1.352,30.108,815.725,281364959,2200.768,1
163,7798,2010,STD,0170A,NBTY INC,281381339.5,-674.953,,2200.768,69.903,1470.645,,,341.128,66.804,,,,,213.67,213.67,0,213.67,4.133,327.715,391.899,1198.467,2826.737,1379.953,1379.953,114.045,849.338,0,30.195,886.075,281364959,2200.768,1
164,7798,2011,SUMM_STD,0170A,NBTY INC,22586.527,-347.533,,5099.27,43.999,1464.194,,,2369.375,99.675,,,,,32.699,32.699,0,29.919,-164.65,43.688,474.572,22.472,2864.427,1536.895,1536.895,10.989,899.699,-2.78,195.566,896.654,,5099.27,1
165,7798,2011,STD,0170A,NBTY INC,22934.06,-347.533,,5095.556,44.234,1503.15,,,2369.375,103.335,,,,,29.919,29.919,0,29.919,1.48,39.909,479.273,22.472,2958.491,1536.895,1536.895,9.99,899.698,0,195.537,951.457,,5095.556,1
166,7798,2012,SUMM_STD,0170A,NBTY INC,23858.074,0,,5057.247,86.314,1550.125,,,2157.5,102.271,,,,,169.519,169.519,0,146.471,-1.003,234.783,512.679,168.943,2999.733,1705.232,1705.232,65.264,882.495,-23.048,158.584,952.967,,5057.247,
167,7798,2012,STD,0170A,NBTY INC,23858.074,0,,5057.247,86.314,1550.125,,,2157.5,102.271,,,,,169.519,169.519,0,146.471,-1.003,234.783,512.679,168.943,2999.733,1705.232,1705.232,65.264,882.495,-23.048,158.584,952.967,,5057.247,
168,7798,2013,SUMM_STD,0170A,NBTY INC,23738.954,-52.495,,5073.316,129.22,1633.609,,,2158.405,110.636,,,,,129.48,129.48,0,129.48,-50.802,184.358,571.529,81.497,3163.041,1624.839,1624.839,54.878,733.197,0,141.717,1041.919,0,5073.316,1
169,7798,2013,STD,0170A,NBTY INC,23791.449,-52.495,,5073.316,129.22,1633.609,,,2158.405,110.636,,,,,129.48,129.48,0,129.48,1.693,184.358,571.529,81.497,3163.041,1624.839,1624.839,54.878,733.197,0,141.717,1041.919,0,5073.316,1
170,7799,2010,SUMM_STD,NATR,NATURES SUNSHINE PRODS INC,3980020.092,3.171,,159.415,2.595,85.01,15.605,15.515,0,4.254,-0.08,0.54,-0.08,0.55,8.469,8.469,0,-1.233,2.727,13.99,27.391,8.278,349.918,68.382,68.382,5.521,41.37,-9.702,0,249.391,3978735,159.415,1
171,7799,2010,STD,NATR,NATURES SUNSHINE PRODS INC,3980016.921,3.171,,159.415,2.595,64.786,15.605,15.515,0,4.254,-0.08,0.54,-0.08,0.55,8.469,8.469,0,-1.233,-0.444,13.99,27.391,8.278,349.918,68.382,68.382,5.521,41.37,-9.702,0,269.615,3978735,159.415,1
172,7799,2011,SUMM_STD,NATR,NATURES SUNSHINE PRODS INC,13052538.09,-14.75,,175.811,2.419,85.047,15.695,15.55,5.894,4.362,1.12,1.12,1.13,1.13,17.601,17.601,0,17.601,-12.814,22.012,25.137,25.879,367.813,87.438,87.438,4.411,57.305,0,0.089,243.489,13051091,175.811,1
173,7799,2011,STD,NATR,NATURES SUNSHINE PRODS INC,13052552.84,-14.75,,175.811,2.419,65.048,15.695,15.55,5.894,4.362,1.12,1.12,1.13,1.13,17.601,17.601,0,17.601,1.936,22.012,25.137,25.879,367.813,87.438,87.438,4.411,57.305,0,0.089,263.488,13051091,175.811,1
174,7799,2012,SUMM_STD,NATR,NATURES SUNSHINE PRODS INC,10172423.38,0,,193.919,6.629,89.246,15.987,15.648,2.27,4.078,1.59,1.59,1.62,1.62,25.38,25.38,0,25.38,1.658,35.496,27.95,48.91,367.468,115.636,115.636,10.116,83.943,0,0.178,240.128,10170771,193.919,1
175,7799,2012,STD,NATR,NATURES SUNSHINE PRODS INC,10172423.38,0,,193.919,6.629,89.246,15.987,15.648,2.27,4.078,1.59,1.59,1.62,1.62,25.38,25.38,0,25.38,1.658,35.496,27.95,48.91,367.468,115.636,115.636,10.116,83.943,0,0.178,240.128,10170771,193.919,1
176,7799,2013,SUMM_STD,NATR,NATURES SUNSHINE PRODS INC,7574327.303,-3.800000001,,199.612,8.57,90.348,16.39,15.997,10,4.466,1.07,1.07,1.1,1.1,17.609,17.609,0,17.609,-1.973,25.653,32.022,36.1,378.096,105.259,105.259,8.044,80.025,0,0.231,255.425,7572700,199.612,1
177,7799,2013,STD,NATR,NATURES SUNSHINE PRODS INC,7574331.103,-3.800000001,,199.612,8.57,90.348,16.39,15.997,10,4.466,1.07,1.07,1.1,1.1,17.609,17.609,0,17.609,1.827,25.653,32.022,36.1,378.096,105.259,105.259,8.044,80.025,0,0.231,255.425,7572700,199.612,1
178,11535,2010,SUMM_STD,WINN,WINN-DIXIE STORES INC,127206279.3,-525.011,,1838.067,189.062,4884.639,55.196,54.911,20.075,103.554,0.52,0.67,0.53,0.67,36.784,36.784,0,28.897,-2.975,32.478,680.936,109.963,6980.118,923.737,923.737,-4.306,240.628,-7.887,6.267,1950.205,127185357,1838.067,1
179,11535,2010,STD,WINN,WINN-DIXIE STORES INC,127206804.3,-525.011,,1838.067,189.062,5077.958,55.196,54.911,20.075,103.554,0.52,0.52,0.53,0.53,28.897,28.897,0,28.897,-4.067,24.591,680.936,109.963,7247.804,923.737,923.737,-4.306,240.628,0,6.267,2031.367,127185357,1838.067,1
180,11535,2011,SUMM_STD,WINN,WINN-DIXIE STORES INC,312664131,0,,1799.79,92.632,4845.913,55.654,55.654,31.875,116.595,-1.26,-0.54,-1.26,-0.54,-29.792,-29.792,0,-70.13,-4.197,-33.025,658.891,39.833,6880.776,863.508,863.508,-3.233,222.584,-40.338,8.194,1938.902,312644070,1799.79,1
181,11535,2011,STD,WINN,WINN-DIXIE STORES INC,312664131,0,,1799.79,92.632,4845.913,55.654,55.654,31.875,116.595,-1.26,-0.54,-1.26,-0.54,-29.792,-29.792,0,-70.13,-4.197,-33.025,658.891,39.833,6880.776,863.508,863.508,-3.233,222.584,-40.338,8.194,1938.902,312644070,1799.79,1
182,11670,2010,SUMM_STD,HRG,HARBINGER GROUP INC,5375942.5,14468.643,,4016.2,40.374,2236.577,132.399,132.399,1723.1,100.761,-1.15,-1.13,-1.15,-1.13,-149.134,-195.507,-46.373,-151.869,-167.692,-132.312,,-150.309,2567.011,701.655,1177.827,63.195,,-2.735,194.293,,5359840,4016.2,1
183,11670,2010,STD,HRG,HARBINGER GROUP INC,5361473.857,14468.643,,483.934,0.143,0,19.286,19.286,345.146,0.044,-1.16,-1.16,-1.16,-1.16,-22.305,-22.308,-0.003,-22.305,0.743,-23.066,0.137,1.543,0,124.299,124.326,-0.758,101.656,0,4.963,18.802,5359840,483.934,1
184,11670,2011,SUMM_STD,HRG,HARBINGER GROUP INC,11148152.72,-777.563,,23590.888,38.25,3094.881,158.384,139.233,2127.7,94.522,0.09,0.09,0.11,0.11,42.059,7.379,-34.68,42.059,-18.729,57.934,,-128.083,3477.782,895.441,1373.139,50.555,,0,211.716,,11089340,23590.888,1
185,11670,2011,STD,HRG,HARBINGER GROUP INC,11148930.28,-777.563,,23579.554,38.25,2266.278,158.384,139.233,2032.69,92.837,0.04,0.04,0.07,0.07,34.795,0.115,-34.68,34.795,-14.833,50.67,206.799,-135.347,3477.782,1255.964,1733.662,50.555,,0,211.716,830.288,11089340,23579.554,1
186,11670,2012,SUMM_STD,HRG,HARBINGER GROUP INC,45729260.51,-1140.212,,25200.491,53.518,3763.711,139.818,139.356,2150.625,253.087,0.15,0.15,0.15,0.15,89.556,110.668,21.112,89.556,-219.216,25.386,221.6,-98.168,4480.716,1177.597,1598.973,-85.282,,0,219.316,,45664726,25200.491,1
187,11670,2012,STD,HRG,HARBINGER GROUP INC,45730400.72,-1140.212,,25200.491,53.518,2937.548,139.818,139.356,2150.625,253.087,0.15,0.15,0.15,0.15,89.556,110.668,21.112,89.556,-174.073,25.386,214.319,-98.168,4480.716,1728.772,2150.148,-85.282,,0,219.316,826.163,45664726,25200.491,1
188,11670,2013,SUMM_STD,HRG,HARBINGER GROUP INC,67535403.33,-1668.2,,27908.8,100.1,4354.9,139.856,139.856,4793.2,313.4,-0.67,-0.67,-0.67,-0.67,-45.8,-69,-23.2,-45.8,-455,118.3,993.3,-192.4,5543.4,724.7,1133.5,187.3,,0,301.8,,67461575,27908.8,1
189,11670,2013,STD,HRG,HARBINGER GROUP INC,67537071.53,-1668.2,,27908.8,100.1,4354.9,139.856,139.856,4793.2,313.4,-0.67,-0.67,-0.67,-0.67,-45.8,-69,-23.2,-45.8,-107.2,118.3,993.3,-192.4,5543.4,1384.9,1793.7,187.3,,0,301.8,,67461575,27908.8,1
190,12368,2010,STD,3SVCBY,SCA-SVENSKA CELLULOSA AB,,,,21159.669,942.712,11577.895,702.3,702.3,3446.152,931.021,1.17,1.17,1.17,1.17,821.654,827.574,5.92,821.654,29.303,1118.971,12170.311,8675.024,16152.195,9953.234,10036.998,291.397,-433.618,0,178.036,2237.794,,21159.669,1
191,12368,2011,STD,3SVCBY,SCA-SVENSKA CELLULOSA AB,,,,20222.588,859.944,8118.626,702.3,702.3,4024.47,857.762,0.11,-0.07,0.11,-0.07,-51.21,-42.626,8.584,79.724,33.606,141.7,10085.98,7818.497,11833.074,8838.326,8916.741,184.326,436.301,130.934,214.295,1743.02,,20222.588,1
192,12368,2012,STD,3SVCBY,SCA-SVENSKA CELLULOSA AB,,,,20212.527,871.777,9150.044,702.3,702.3,3624.028,753.911,1.08,0.97,1.08,0.97,684.298,691.059,6.761,761.594,43.489,729.631,11403.172,8331.592,13124.75,9175.093,9245.474,38.572,5.225,77.296,213.296,1916.587,,20212.527,1
193,12368,2013,STD,3SVCBY,SCA-SVENSKA CELLULOSA AB,,,,22142.123,863.76,9663.835,702.3,702.3,4380.738,764.466,1.23,1.23,1.23,1.23,863.293,865.938,2.645,863.293,55.094,1195.723,12539.296,8928.938,13854.235,9847.013,10319.046,329.785,-26.457,0,178.666,1911.943,,22142.123,1
194,12575,2009,SUMM_STD,CYAN,CYANOTECH CORP,4068126.471,-0.008,,12.148,1.032,8.597,5.346,5.251,0.756,0.512,0.26,0.26,0.26,0.26,1.391,1.391,0,1.391,-0.132,1.415,4.681,-18.53,15.742,9.12,9.12,0.024,4.942,0,0.109,4.977,4068043,12.148,1
195,12575,2009,STD,CYAN,CYANOTECH CORP,4068126.479,-0.008,,12.148,1.032,8.597,5.346,5.251,0.756,0.512,0.26,0.26,0.26,0.26,1.391,1.391,0,1.391,-0.128,1.415,4.681,-18.53,15.742,9.12,9.12,0.024,4.942,0,0.113,4.977,4068043,12.148,1
196,12575,2010,SUMM_STD,CYAN,CYANOTECH CORP,4613844.338,0,,13.86,0.514,9.869,5.413,5.353,0.553,0.617,0.32,0.32,0.32,0.32,1.73,1.73,0,1.73,-0.018,1.163,4.557,-16.8,16.827,11.111,11.111,-0.567,6.285,0,0.07,5.09,4613748,13.86,1
197,12575,2010,STD,CYAN,CYANOTECH CORP,4613844.338,0,,13.86,0.514,9.869,5.413,5.353,0.553,0.617,0.32,0.32,0.32,0.32,1.73,1.73,0,1.73,-0.018,1.163,4.557,-16.8,16.827,11.111,11.111,-0.567,6.285,0,0.07,5.09,4613748,13.86,1
198,12575,2011,SUMM_STD,CYAN,CYANOTECH CORP,5977448.642,0,,19.038,2.029,14.162,5.534,5.414,0.4,0.695,0.66,0.66,0.67,0.67,3.632,3.632,0,3.632,-0.052,2.853,5.834,-13.168,24.631,15.265,15.265,-0.779,8.058,0,0.055,6.814,5977303,19.038,1
199,12575,2011,STD,CYAN,CYANOTECH CORP,5977448.642,0,,19.038,2.029,14.162,5.534,5.414,0.4,0.695,0.66,0.66,0.67,0.67,3.632,3.632,0,3.632,-0.052,2.853,5.834,-13.168,24.631,15.265,15.265,-0.779,8.058,0,0.055,6.814,5977303,19.038,1
200,12575,2012,SUMM_STD,CYAN,CYANOTECH CORP,9015464.97,-0.051000001,,28.587,3.894,15.776,5.655,5.455,5.454,0.847,0.74,0.74,0.77,0.77,4.209,4.209,0,4.209,-0.043,2.188,8.835,-8.959,27.581,20.227,20.227,-2.021,9.306,0,0.114,8.613,9015268,28.587,1
201,12575,2012,STD,CYAN,CYANOTECH CORP,9015465.021,-0.051000001,,28.587,3.894,15.776,5.655,5.455,5.454,0.847,0.74,0.74,0.77,0.77,4.209,4.209,0,4.209,0.008,2.188,8.835,-8.959,27.581,20.227,20.227,-2.021,9.306,0,0.114,8.613,9015268,28.587,1
202,12575,2013,SUMM_STD,CYAN,CYANOTECH CORP,2672576.036,0,,30.31,4.117,16.255,5.661,5.478,5.263,1.086,-0.03,-0.03,-0.04,-0.04,-0.195,-0.195,0,-0.195,0.153,0.047,11.826,-9.154,28.905,20.847,20.847,0.242,8.898,0,0.317,11.353,2672383,30.31,1
203,12575,2013,STD,CYAN,CYANOTECH CORP,2672576.036,0,,30.31,4.117,16.255,5.661,5.478,5.263,1.086,-0.03,-0.03,-0.04,-0.04,-0.195,-0.195,0,-0.195,0.153,0.047,11.826,-9.154,28.905,20.847,20.847,0.242,8.898,0,0.317,11.353,2672383,30.31,1
204,60911,2010,SUMM_STD,NHTC,NATURAL HEALTH TRENDS CORP,2343735.155,0,,5.363,0.002,7.769,10.507,10.507,0,0.413,-0.23,-0.23,-0.23,-0.23,-2.448,-2.469,-0.021,-2.448,0.601,-2.496,0.203,-83.643,23.576,-2.728,-2.821,-0.027,-5.619,0,0.018,18.473,2343757,5.363,1
205,60911,2010,STD,NHTC,NATURAL HEALTH TRENDS CORP,2343735.155,0,,5.363,0.002,6.969,10.507,10.507,0,1.213,-0.23,-0.23,-0.23,-0.23,-2.448,-2.469,-0.021,-2.448,0.601,-2.496,0.203,-83.643,23.576,-2.728,-2.821,-0.027,-5.619,0,0.018,18.473,2343757,5.363,1
206,60911,2011,SUMM_STD,NHTC,NATURAL HEALTH TRENDS CORP,2374452.533,0,,6.123,0.007,8.372,10.825,10.704,0,0.098,0.21,0.21,0.21,0.21,2.305,2.425,0.12,2.305,0.36,2.127,0.068,-81.338,31.162,-0.809,-0.809,-0.298,-3.102,0,0.016,20.909,2374433,6.123,1
207,60911,2011,STD,NHTC,NATURAL HEALTH TRENDS CORP,2374452.533,0,,6.123,0.007,8.172,10.825,10.704,0,0.298,0.21,0.21,0.21,0.21,2.305,2.425,0.12,2.305,0.36,2.127,0.068,-81.338,31.162,-0.809,-0.809,-0.298,-3.102,0,0.016,20.909,2374433,6.123,1
208,60911,2012,SUMM_STD,NHTC,NATURAL HEALTH TRENDS CORP,1442692.226,0,,8.219,0.096,9.685,11.234,10.944,0,0.045,0.23,0.23,0.24,0.24,2.63,2.63,0,2.63,-0.039,2.606,0.121,-78.708,37.514,1.909,1.909,-0.024,-0.473,0,0,25.139,1442644,8.219,1
209,60911,2012,STD,NHTC,NATURAL HEALTH TRENDS CORP,1442692.226,0,,8.219,0.096,9.685,11.234,10.944,0,0.045,0.23,0.23,0.24,0.24,2.63,2.63,0,2.63,-0.039,2.606,0.121,-78.708,37.514,1.909,1.909,-0.024,-0.473,0,0,25.139,1442644,8.219,1
210,60911,2013,SUMM_STD,NHTC,NATURAL HEALTH TRENDS CORP,2801026.368,0,,19.827,0.21,12.551,11.331,11.154,0,0.066,0.36,0.36,0.36,0.36,4.089,4.089,0,4.089,-0.032,4.191,0.265,-74.619,52.527,6.077,6.077,0.102,3.42,0,0,35.687,2800903,19.827,1
211,60911,2013,STD,NHTC,NATURAL HEALTH TRENDS CORP,2801026.368,0,,19.827,0.21,12.551,11.331,11.154,0,0.066,0.36,0.36,0.36,0.36,4.089,4.089,0,4.089,-0.032,4.191,0.265,-74.619,52.527,6.077,6.077,0.102,3.42,0,0,35.687,2800903,19.827,1
212,61192,2010,SUMM_STD,BREW,CRAFT BREW ALLIANCE INC,18206241.86,-0.559,,158.266,4.669,91.02,17.568,17.523,24.675,7.044,0.1,0.1,0.1,0.1,1.686,1.686,0,1.686,0.554,2.786,98.778,-39.971,131.731,94.196,94.196,1.1,-4.435,0,1.497,29.938,18205346,158.266,1
213,61192,2010,STD,BREW,CRAFT BREW ALLIANCE INC,18206242.42,-0.559,,158.266,4.669,91.02,17.568,17.523,24.675,7.044,0.1,0.1,0.1,0.1,1.686,1.686,0,1.686,1.113,2.786,98.778,-39.971,131.731,94.196,94.196,1.1,-4.435,0,1.497,29.938,18205346,158.266,1
214,61192,2011,SUMM_STD,BREW,CRAFT BREW ALLIANCE INC,13568789.77,10.432,,158.908,8.488,96.807,18.931,18.834,13.188,7.204,0.51,0.51,0.51,0.51,9.651,9.651,0,9.651,11.166,15.692,100.725,-30.32,149.197,104.509,104.509,6.041,2.327,0,0.918,39.742,13567772,158.908,1
215,61192,2011,STD,BREW,CRAFT BREW ALLIANCE INC,13568779.34,10.432,,158.908,8.488,96.807,18.931,18.834,13.188,7.204,0.51,0.51,0.51,0.51,9.651,9.651,0,9.651,0.734,15.692,100.725,-30.32,149.197,104.509,104.509,6.041,2.327,0,0.918,39.742,13567772,158.908,1
216,61192,2012,SUMM_STD,BREW,CRAFT BREW ALLIANCE INC,6651794.988,0,,165.664,9.138,111.892,18.934,18.862,12.44,7.369,0.13,0.13,0.13,0.13,2.526,2.526,0,2.526,0.004,4.477,102.852,-27.794,169.287,108.195,108.195,1.951,5.207,0,0.663,44.89,6650758,165.664,1
217,61192,2012,STD,BREW,CRAFT BREW ALLIANCE INC,6651794.988,0,,165.664,9.138,111.892,18.934,18.862,12.44,7.369,0.13,0.13,0.13,0.13,2.526,2.526,0,2.526,0.004,4.477,102.852,-27.794,169.287,108.195,108.195,1.951,5.207,0,0.663,44.89,6650758,165.664,1
218,61192,2013,SUMM_STD,BREW,CRAFT BREW ALLIANCE INC,12997887.88,0,,170.286,9.894,120.755,19.042,18.923,11.05,8.164,0.1,0.1,0.1,0.1,1.959,1.959,0,1.959,-0.073,3.263,104.193,-25.835,179.18,111.232,111.232,1.304,5.782,0,0.464,46.461,12996815,170.286,1
219,61192,2013,STD,BREW,CRAFT BREW ALLIANCE INC,12997887.88,0,,170.286,9.894,120.755,19.042,18.923,11.05,8.164,0.1,0.1,0.1,0.1,1.959,1.959,0,1.959,-0.073,3.263,104.193,-25.835,179.18,111.232,111.232,1.304,5.782,0,0.464,46.461,12996815,170.286,1
220,61205,2010,SUMM_STD,CSKI,CHINA SKY ONE MEDICAL INC,52152948.93,0,,172.224,37.234,35.559,16.803,16.803,0,4.366,2.14,2.14,2.14,2.14,35.957,35.957,0,35.957,9.017,46.633,28.979,113.742,132.661,164.016,164.016,10.676,57.426,0,0,55.12,52151594,172.224,1
221,61205,2010,STD,CSKI,CHINA SKY ONE MEDICAL INC,52152948.93,0,,172.224,37.234,35.559,16.803,16.803,0,4.366,2.14,2.14,2.14,2.14,35.957,35.957,0,35.957,9.017,46.633,28.979,113.742,132.661,164.016,164.016,10.676,57.426,0,0,55.12,52151594,172.224,1
222,61763,2010,SUMM_STD,RDEN,ELIZABETH ARDEN INC,39019972.33,-7.501000002,,843.471,35.388,602.763,28.789,28.017,218.699,28.459,0.68,0.68,0.7,0.7,19.533,19.533,0,19.533,-7.501,22.826,76.583,118.946,1103.777,352.617,352.617,3.293,306.524,0,21.885,420.343,39014509,843.471,1
223,61763,2010,STD,RDEN,ELIZABETH ARDEN INC,39019979.83,-7.501000002,,843.471,35.388,602.763,28.789,28.017,218.699,28.459,0.68,0.68,0.7,0.7,19.533,19.533,0,19.533,0,22.826,76.583,118.946,1103.777,352.617,352.617,3.293,306.524,0,21.885,420.343,39014509,843.471,1
224,61763,2011,SUMM_STD,RDEN,ELIZABETH ARDEN INC,46564759.02,-7.320999995,,854.837,25.608,614.134,29.008,27.843,250,29.835,1.41,1.41,1.47,1.47,40.989,40.989,0,40.989,0.697,49.626,82.762,159.935,1175.5,417.765,417.765,8.637,388.897,0,29.781,452.821,46558759,854.837,1
225,61763,2011,STD,RDEN,ELIZABETH ARDEN INC,46564766.34,-7.320999995,,854.837,25.608,614.134,29.008,27.843,250,29.835,1.41,1.41,1.47,1.47,40.989,40.989,0,40.989,8.3,49.626,82.762,159.935,1175.5,417.765,417.765,8.637,388.897,0,29.781,452.539,46558759,854.837,1
226,61763,2012,SUMM_STD,RDEN,ELIZABETH ARDEN INC,46672326.33,-7.108000003,,1066.754,24.088,619.037,30.111,29.115,250,34.054,1.91,1.91,1.97,1.97,57.419,57.419,0,57.419,-7.108,73.512,89.438,217.354,1238.273,481.727,481.727,16.093,345.818,0,21.759,482.803,46665584,1066.754,1
227,61763,2012,STD,RDEN,ELIZABETH ARDEN INC,46672333.43,-7.108000003,,1066.754,24.088,619.037,30.111,29.115,250,34.054,1.91,1.91,1.97,1.97,57.419,57.419,0,57.419,0,73.512,89.438,217.354,1238.273,481.727,481.727,16.093,345.818,0,21.759,482.803,46665584,1066.754,1
228,61763,2013,SUMM_STD,RDEN,ELIZABETH ARDEN INC,59474173.74,-38.785,,1103.732,40.523,672.989,30.539,29.672,250.055,45.969,1.33,1.33,1.37,1.37,40.711,40.711,0,40.711,-38.785,47.651,106.588,258.065,1344.523,515.282,515.282,6.94,364.32,0,24.309,514.82,59467109,1103.732,1
229,61763,2013,STD,RDEN,ELIZABETH ARDEN INC,59474212.52,-38.785,,1103.732,40.523,672.989,30.539,29.672,250.055,45.969,1.33,1.33,1.37,1.37,40.711,40.711,0,40.711,0,47.651,106.588,258.065,1344.523,515.282,515.282,6.94,364.32,0,24.309,514.82,59467109,1103.732,1
230,61880,2010,SUMM_STD,INBP,INTEGRATED BIOPHARMA INC,2734287,-56.451,,,,,,,,,,,,,,,,,,,,,,,,,,,,,2734286,,1
231,61880,2010,STD,INBP,INTEGRATED BIOPHARMA INC,2734343.451,-56.451,,13.848,0.081,28.75,20.468,20.468,0,0.455,-0.27,-0.27,-0.27,-0.27,-5.535,-5.535,0,-5.535,0.121,-5.495,1.719,-49.9,37.019,-5.696,-5.696,0.04,-9.724,0,2.467,11.363,2734286,13.848,1
232,61880,2011,SUMM_STD,INBP,INTEGRATED BIOPHARMA INC,3002004.723,28.741,,13.65,0.301,30.149,20.78,20.78,0,0.492,-0.11,-0.11,-0.11,-0.11,-2.281,-2.281,0,-2.281,0.044,-2.256,1.667,-52.181,40.665,-7.695,-7.695,0.025,-10.694,0,1.938,10.386,3001937,13.65,1
233,61880,2011,STD,INBP,INTEGRATED BIOPHARMA INC,3001975.982,28.741,,13.65,0.301,21.043,20.78,20.78,0,0.321,-0.11,-0.06,-0.11,-0.06,-1.191,-1.191,0,-2.281,0.044,-1.166,1.598,-52.181,25.133,-7.695,-7.695,0.025,-9.492,-1.09,1.531,3.448,3001937,13.65,1
234,61880,2012,STD,INBP,INTEGRATED BIOPHARMA INC,13955067.28,0,,11.877,0.155,28.498,21.012,21.012,9.494,0.499,-0.13,-0.13,-0.13,-0.13,-2.713,-2.713,0,-2.713,0.013,-2.702,1.449,-54.894,36.604,-10.383,-10.383,0.011,-3.519,0,2.209,8.113,13955004,11.877,1
235,61880,2012,SUMM_STD,INBP,INTEGRATED BIOPHARMA INC,13955067.28,0,,11.877,0.155,28.638,21.012,21.012,9.494,0.499,-0.13,-0.13,-0.13,-0.13,-2.713,-2.713,0,-2.713,0.013,-2.702,1.449,-54.894,36.604,-10.383,-10.383,0.011,-3.519,0,2.209,7.973,13955004,11.877,1
236,61880,2013,STD,INBP,INTEGRATED BIOPHARMA INC,1292340.358,0.139,,12.611,0.03,27.833,21.244,21.08,9.789,0.426,0,0,0,0,0.093,0.093,0,0.093,0.112,0.11,1.235,-54.801,33.623,-10.29,-10.29,0.017,-2.488,0,0.979,4.248,1292271,12.611,1
237,61880,2013,SUMM_STD,INBP,INTEGRATED BIOPHARMA INC,1292340.219,0.139,,12.611,0.03,27.833,21.244,21.08,9.789,0.426,0,0,0,0,0.093,0.093,0,0.093,-0.027,0.11,1.235,-54.801,33.623,-10.29,-10.29,0.017,-2.488,0,0.979,4.248,1292271,12.611,1
238,61940,2010,SUMM_STD,ACCA,ACACIA DIVERSIFIED HLDGS INC,47718.252,-3.22,,1.31,0.003,0,11.563,11.563,0.032,0.013,-0.02,-0.06,-0.02,-0.06,-0.701,-0.701,0,-0.217,0.17,-0.701,0.066,-11.242,0,0.212,0.212,0,0.178,0.484,,0.858,47703,1.31,1
239,61940,2010,STD,ACCA,ACACIA DIVERSIFIED HLDGS INC,47721.472,-3.22,,1.31,0.022,1.299,11.563,11.563,0.038,0.096,-0.02,-0.02,-0.02,-0.02,-0.279,-0.279,0,-0.217,0.008,-0.279,0.164,-11.242,1.757,0.212,0.212,0,-0.586,0.062,0.015,0.803,47703,1.31,1
240,61940,2011,SUMM_STD,ACCA,ACACIA DIVERSIFIED HLDGS INC,20566.036,-0.027,,1.031,0,0,11.563,11.563,0.07,0.017,-0.04,-0.08,-0.04,-0.08,-0.872,-0.872,0,-0.456,-0.013,-0.872,0.048,-11.698,0,-0.181,-0.181,0,-0.16,0.416,,0.842,20554,1.031,1
241,61940,2011,STD,ACCA,ACACIA DIVERSIFIED HLDGS INC,20566.063,-0.027,,1.031,0,0,11.563,11.563,0.07,0.017,-0.04,-0.08,-0.04,-0.08,-0.872,-0.872,0,-0.456,0,-0.872,0.048,-11.698,0,-0.181,-0.181,0,-0.159,0.416,0.013,0.842,20554,1.031,1
242,61940,2012,SUMM_STD,ACCA,ACACIA DIVERSIFIED HLDGS INC,8685.851,0,,0.227,0.019,0,11.563,11.563,0.024,0.016,0.02,-0.06,0.02,-0.06,-0.723,-0.723,0,0.187,-0.009,-0.723,0.026,-11.511,0,0.054,0.054,0,0.052,0.91,,0.698,8673,0.227,1
243,61940,2012,STD,ACCA,ACACIA DIVERSIFIED HLDGS INC,8685.851,0,,0.227,0.019,0,11.563,11.563,0.024,0.016,0.02,-0.06,0.02,-0.06,-0.723,-0.723,0,0.187,-0.009,-0.723,0.026,-11.511,0,0.054,0.054,0,0.052,0.91,,0.698,8673,0.227,1
244,62290,2010,STD,REV,REVLON INC  -CL A,38710910.62,64.74,,1086.7,15.2,434.4,52.303,51.893,1208.5,20.9,6.26,6.25,6.31,6.3,327,327,0,327.3,-4.7,79.8,106.2,-1551.4,1321.4,-696.4,-696.4,-247.2,157.6,0.3,102.8,666.6,38706708,1086.7,1
245,62290,2010,SUMM_STD,REV,REVLON INC  -CL A,38710845.88,64.74,,1086.7,15.2,426.4,52.303,51.893,1208.5,20.9,6.26,6.23,6.31,6.28,325.9,325.9,0,327.3,-17,78.7,106.2,-1551.4,1295.8,-696.4,-696.4,-247.2,157.6,1.4,102.8,650,38706708,1086.7,1
246,62290,2011,SUMM_STD,REV,REVLON INC  -CL A,28433197.57,-77.3,,1157.1,13.9,457.1,52.332,52.174,1216.6,24.1,1.02,1.06,1.02,1.06,55.2,55.2,0,53.4,-17.5,92,98.9,-1498,1347.5,-692.9,-692.9,36.8,183.3,-1.8,96.6,660.2,28429286,1157.1,1
247,62290,2011,STD,REV,REVLON INC  -CL A,28433274.87,-77.3,,1157.1,13.9,468.3,52.332,52.174,1216.6,24.3,1.02,1.01,1.02,1.01,52.8,52.8,0,53.4,-5.9,89.6,98.9,-1498,1381.4,-692.9,-692.9,36.8,183.3,0.6,96.6,685.5,28429286,1157.1,1
248,62290,2012,SUMM_STD,REV,REVLON INC  -CL A,11291118.41,-79.8,,1236.6,20.9,466.2,52.357,52.349,1148.9,27.3,0.98,1.17,0.98,1.17,61.2,61.2,0,51.1,-35.4,104.9,99.5,-1446.9,1398,-649.3,-649.3,43.7,88.1,-10.1,90.9,673.3,11286991,1236.6,1
249,62290,2012,STD,REV,REVLON INC  -CL A,11291198.21,-79.8,,1236.6,20.9,478,52.357,52.349,1148.9,27.4,0.98,0.97,0.98,0.97,50.7,50.7,0,51.1,-3.4,94.4,99.5,-1446.9,1427.7,-649.3,-649.3,43.7,88.1,0.4,90.9,700.9,11286991,1236.6,1
250,62290,2013,SUMM_STD,REV,REVLON INC  -CL A,16386243.24,-48.1,,2123.9,28.6,509.2,52.358,52.357,1866.2,35.6,-0.11,0.47,-0.11,0.47,24.6,24.6,0,-5.8,-52.2,70.6,195.9,-1452.7,1495,-596.5,-596.5,46,246.4,-30.4,84,743.4,16379253,2123.9,1
251,62290,2013,STD,REV,REVLON INC  -CL A,16386291.34,-48.1,,2123.9,28.6,500.7,52.358,52.357,1866.2,35.6,-0.11,0.47,-0.11,0.47,24.6,24.6,0,-5.8,-4.1,70.6,195.9,-1452.7,1495,-596.5,-596.5,46,246.4,-30.4,84,751.9,16379253,2123.9,1
252,62655,2010,SUMM_STD,DF,DEAN FOODS CO,1252608064,-21942.801,,7941.418,,,90.9,90.9,,,1.01,-0.22,1.01,-0.22,-20.372,-20.372,0,91.491,,-2.547,,583.102,9093.973,1499.525,1514.068,17.825,,111.863,177.431,,1252578951,7941.418,0.5
253,62655,2010,STD,DF,DEAN FOODS CO,1252630007,-21942.801,,7956.667,301.974,8852.18,182.862,181.799,3893.275,276.08,0.5,0.47,0.5,0.48,86.475,77.74,-8.735,91.491,1.239,151.222,2113.391,583.102,12122.887,1499.525,1514.068,73.482,375.251,5.016,237.414,2527.982,1252578951,7956.667,0.5
254,62655,2011,SUMM_STD,DF,DEAN FOODS CO,979488018.1,-15045.814,,5755.167,178.416,7454.81,91.694,91.694,,168.5,-17.18,-18.85,-17.18,-18.85,-1728.282,-1728.282,0,-1575.621,,-2251.837,,-992.519,9715.747,-93.904,-98.651,-523.555,,152.661,177.449,,979467541,5755.167,0.5
255,62655,2011,STD,DF,DEAN FOODS CO,979503063.9,-15045.814,,5754.363,325.484,9762.679,183.388,183.388,3563.389,285.767,-8.59,-8.61,-8.59,-8.61,-1579.237,-1595.787,-16.55,-1575.621,3.415,-2052.598,2114.38,-992.519,13055.493,-103.398,-98.651,-456.811,220.78,3.616,254.451,2563.024,979467541,5754.363,0.5
256,62655,2012,SUMM_STD,DF,DEAN FOODS CO,901348829.7,-5475.502,,5697.583,123.892,7011.003,93.066,92.375,2311.708,172.158,1.7,0.26,1.72,0.26,23.815,23.815,0,158.622,-7.087,111.76,1248.637,-833.897,9274.662,357.187,459.628,87.945,1570.347,134.807,147.07,1825.584,901313043,5697.583,0.5
257,62655,2012,STD,DF,DEAN FOODS CO,901354305.2,-5475.502,,5687.091,228.083,8321.979,186.132,184.751,3077.258,246.583,0.85,0.62,0.86,0.62,114.994,117.413,2.419,158.622,4.907,263.922,1873.279,-833.897,11462.277,357.187,459.628,146.509,861.785,43.628,165.253,2441.861,901313043,5687.091,0.5
258,62655,2013,SUMM_STD,DF,DEAN FOODS CO,482787404,162.793,,2802.045,175.163,6998.349,94.796,93.786,896.564,165.469,8.58,3.43,8.67,3.47,325.359,325.359,0,813.178,163.413,283.034,1216.047,-20.719,9016.321,714.315,714.315,-42.325,369.611,487.819,104.444,1628.438,482757252,2802.045,1
259,62655,2013,STD,DF,DEAN FOODS CO,482787241.2,162.793,,2802.045,175.163,6998.349,94.796,93.786,896.564,165.469,8.58,3.43,8.67,3.47,325.359,325.359,0,813.178,0.51,283.034,1216.047,-20.719,9016.321,714.315,714.315,-42.325,369.611,487.819,104.554,1628.438,482757252,2802.045,1
260,62715,2010,SUMM_STD,DROP,FUSE SCIENCE INC,5868496.171,0.003,,0.069,0,0.047,50.926,50.926,0,0,0,0,0,0,-0.08,-0.08,0,-0.08,-0.036,-0.08,0,-10.052,0.009,-0.055,-0.181,0,-0.237,0,0.006,,5868404,0.069,1
261,62715,2010,STD,DROP,FUSE SCIENCE INC,5868496.168,0.003,,0.069,0,0.047,50.926,50.926,0,0,0,0,0,0,-0.08,-0.08,0,-0.08,-0.036,-0.08,0,-10.053,0.009,-0.056,-0.182,0,-0.237,0,0.006,,5868404,0.069,1
262,62715,2011,SUMM_STD,DROP,FUSE SCIENCE INC,243743602.9,0,,0.342,0,1.613,68.231,68.231,0,0.001,-0.03,-0.03,-0.03,-0.03,-2.02,-2.02,0,-2.02,0.002,-2.02,0,-12.072,0,-0.53,-0.657,0,-0.792,0,0.408,,243743485,0.342,1
263,62715,2011,STD,DROP,FUSE SCIENCE INC,243743602.9,0,,0.342,0,0,68.231,68.231,0,0.001,-0.03,-0.03,-0.03,-0.03,-2.02,-2.02,0,-2.02,0.002,-2.02,0,-12.072,0,-0.53,-0.657,0,-0.792,0,0.408,1.613,243743485,0.342,1
264,62715,2012,SUMM_STD,DROP,FUSE SCIENCE INC,292924041.9,0.176999986,,0.8,0.085,7.518,121.261,121.261,0.086,0.007,-0.09,-0.09,-0.09,-0.09,-11.042,-11.042,0,-11.042,0.172,-11.042,0.094,-23.114,0.105,-0.344,-0.471,0,-0.611,0,3.794,,292923854,0.8,1
265,62715,2012,STD,DROP,FUSE SCIENCE INC,292924041.7,0.176999986,,0.8,0.086,0.024,121.261,121.261,0.086,0.007,-0.09,-0.09,-0.09,-0.09,-11.042,-11.042,0,-11.042,-0.006,-11.042,0.094,-23.114,0.105,-0.344,-0.471,0,-0.611,0,3.794,7.494,292923854,0.8,1
266,62715,2013,SUMM_STD,DROP,FUSE SCIENCE INC,581605006.1,0,,1.646,0.066,9.317,264.235,264.235,0,0.02,-0.08,-0.08,-0.08,-0.08,-21.368,-21.368,0,-21.368,-9.551,-21.368,0.143,-44.482,0.487,-0.535,-0.661,0,-0.631,0,2.967,,581604602,1.646,1
267,62715,2013,STD,DROP,FUSE SCIENCE INC,581605006.1,0,,1.646,0.066,0.156,264.235,264.235,0,0.02,-0.08,-0.08,-0.08,-0.08,-21.368,-21.368,0,-21.368,-9.551,-21.368,0.143,-44.482,0.487,-0.535,-0.661,0,-0.631,0,2.967,9.161,581604602,1.646,1
268,66016,2010,SUMM_STD,INGR,INGREDION INC,156113943.3,-123,,5040,159,3488,76.8,75.6,1681,155,2.2,2.2,2.24,2.24,169,176,7,169,-95,275,2156,1046,4632,1976,2002,99,881,0,46,573,156084106,5040,1
269,66016,2010,STD,INGR,INGREDION INC,156114066.3,-123,,5071,159,3488,76.8,75.6,1681,155,2.2,2.2,2.24,2.24,169,176,7,169,15,275,2123,1046,4632,1976,2002,99,862,0,49,573,156084106,5071,1
270,66016,2011,SUMM_STD,INGR,INGREDION INC,184143206.5,37,,5317,263,4882,78.2,76.4,1801,211,5.32,5.32,5.44,5.44,416,423,7,416,60.2,593,2156,1412,6544,2104,2133,170,1176,0,81,837.2,184106710,5317,1
271,66016,2011,STD,INGR,INGREDION INC,184143169.5,37,,5317,263,4882,78.2,76.4,1801,211,5.32,5.32,5.44,5.44,416,423,7,416,18.2,593,2156,1412,6544,2104,2133,170,1176,0,86,837.2,184106710,5317,1
272,66016,2012,SUMM_STD,INGR,INGREDION INC,111075908.8,-45,,5592,313,5083,78.2,76.5,1724,211,5.47,5.47,5.59,5.59,428,434,6,428,-8,601,2193,1769,6868,2437,2459,167,1427,0,77,888,111037042,5592,1
273,66016,2012,STD,INGR,INGREDION INC,111075953.8,-45,,5592,313,5083,78.2,76.5,1724,211,5.47,5.47,5.59,5.59,428,434,6,428,31,601,2193,1769,6868,2437,2459,167,1427,0,83,888,111037042,5592,1
274,66016,2013,SUMM_STD,INGR,INGREDION INC,145156436.7,-8,,5360,298,5003,78.3,77,1717,194,5.05,5.05,5.14,5.14,396,403,7,396,24,547,2156,2045,6653,2404,2429,144,1394,0,74,859,145118397,5360,1
275,66016,2013,STD,INGR,INGREDION INC,145156444.7,-8,,5360,298,5003,78.3,77,1717,194,5.05,5.05,5.14,5.14,396,403,7,396,28,547,2156,2045,6653,2404,2429,144,1394,0,78,859,145118397,5360,1
276,66073,2010,SUMM_STD,PHLI,PACIFICHEALTH LABORATORIES,4698037.121,0,,1.425,0.041,4.037,16.147,16.147,0,0.1,-0.05,-0.05,-0.05,-0.05,-0.761,-0.761,0,-0.761,0.005,-0.761,0.053,-19.648,7.201,0.555,0.555,0,0.492,0,0.006,3.824,4698007,1.425,1
277,66073,2010,STD,PHLI,PACIFICHEALTH LABORATORIES,4698037.121,0,,1.425,0.041,4.037,16.147,16.147,0,0.1,-0.05,-0.05,-0.05,-0.05,-0.761,-0.761,0,-0.761,0.005,-0.761,0.053,-19.648,7.201,0.555,0.555,0,0.492,0,0.006,3.824,4698007,1.425,1
278,66073,2011,SUMM_STD,PHLI,PACIFICHEALTH LABORATORIES,4976312.734,4974174.595,,1.891,0.016,3.927,19.545,19.545,0,0.042,-0.02,-0.02,-0.02,-0.02,-0.486,-0.486,0,-0.486,0.003,-0.486,0.027,-20.134,6.915,1.231,1.231,0,1.193,0,0.015,3.42,4976273,1.891,1
279,277487,2011,STD,LND,BRASILAGRO CIA BRAS DE PROP,2138.139,4974174.595,,481.738,2.662,30.511,58.422,58.422,35.547,9.56,0.16,0.16,0.16,0.16,9.454,9.403,-0.051,9.454,30.513,12.728,8.272,-9.553,51.006,365.708,369.941,3.325,88.979,0,10.554,18.166,,481.738,1
280,277487,2012,STD,LND,BRASILAGRO CIA BRAS DE PROP,,,,366.233,2.159,54.097,58.422,58.422,25.532,14.382,-0.05,-0.05,-0.05,-0.05,-2.774,-3.285,-0.511,-2.774,17.423,-9.679,7.847,-10.188,79.246,278.232,278.232,-6.394,53.942,0,22.05,15.819,60000,366.233,1
281,277487,2013,STD,LND,BRASILAGRO CIA BRAS DE PROP,,,,349.187,1.533,95.963,58.445,58.422,25.787,12.683,0.22,0.22,0.22,0.22,13.013,13.013,0,13.013,5.204,11.948,6.728,0,139.687,265.905,265.905,-1.065,71.128,0,5.286,19.011,982749,349.187,1
