gvkey,sec_ajexm,sec_ajpm,sec_trfm_mean,sec_trfm_std,sec_trt1m_mean,sec_trt1m_std
1239,1.0,1.0,6.001948501000193,0.02627860565201212,1.631412731722862,6.320250991603144
1266,1.0,1.0,1.8039505765589399,0.017539060625516443,0.9915021015159261,9.322427853005198
1408,1.0,1.0,19.151069627125153,2.3160892907203547,2.017711363115742,6.373379715424865
1659,1.4537037037037037,1.4537037037037037,1.2743159152904537,0.020234765778466217,2.5598106570239967,9.131795364253636
1722,1.0,1.0,2.0879788597017472,0.06133511160075783,1.0514558778958258,6.857366538153566
1728,1.0,1.0,1.6680360579906972,0.16739713810737988,1.2258496355995765,6.671110313310085
1902,1.0,1.0,1.0,0.0,32.07818242733461,138.84995338301837
1920,1.0,1.0,5.9533594980996485,0.2637494927472986,-0.783637339968392,8.736623394669422
1932,1.0,1.0,18.379310670275135,1.0931376133976134,1.6719762299426946,5.372723878607686
2030,1.0,1.0,1.0,0.0,-7.549206349206348,20.417136758590736
2348,1.0,1.0,1.0,0.0,2.444473817235818,11.038407913674213
2390,1.0,1.0,2.448592180793844,0.013291211237619293,-0.05139967936176994,10.423597097311047
2435,1.287037037037037,1.287037037037037,3.1837097510480827,0.44013954932572863,2.1444713167234237,4.879870781255819
2597,1.0,1.0,3.3768764958838395,0.010432501841637428,0.3601572490367767,6.595231307593394
2606,1.0,1.0,1.2056259946183594,0.0,38.620836807615824,198.474511829566
2626,1.0,1.0,1.0,0.0,-2.3333174932846825,10.947875900054965
2663,1.0,1.0,5.080186905965295,0.217890801128057,0.9241807626396921,4.677189321706371
2675,1.0,1.0,1.5621032815448261,0.4288587460622916,1.5554932080052033,7.16845411478689
2710,1.0,1.0,1.0,0.0,3.6452920868404703,9.838878282763242
2797,1.0,1.0,1.03242670155608,0.0,0.0,0.0
2807,1.0,1.0,1.1950066719113168,0.01842630355909301,1.725441272937162,5.777238323281408
2812,1.0,1.0,1.0,0.0,0.9330986887570213,12.65171668672606
2946,1.0,1.0,1.0033961246014225,0.008882648359766645,4.601285580151272,26.950225479231324
2950,1.0,1.0,6.281536988579217,0.0003879043501808292,0.07142809926468102,0.08665599022128419
3026,1.3148148148148149,1.3148148148148149,2.0566078848513136,0.04533430600458267,1.7899949289999137,4.311666283643412
3121,1.0,1.0,4.629264193059975,0.20234359370481173,1.0982719559091834,3.7688128754441164
3138,1.0,1.0,3.2071910681904856,0.06972103694282374,0.8822115523322513,5.907830074629932
3144,1.5740740740740742,1.5740740740740742,3.8425844215786813,0.14159552507993114,1.0516133912115437,3.8801352018173416
3170,1.7407407407407407,1.7407407407407407,4.586114994913269,0.1480700050816841,1.2056238995653688,3.427582844456176
3362,1.0,1.0,4.200754736219017,0.19223356811827005,0.8757198802313737,4.8587703550136645
3505,1.0,1.0,1.927248750313144,0.7765191225839557,1.324351375988086,5.346268032164647
3516,1.0,1.0,4.799505143563381,2.1134892267926575,1.0651675159907412,3.5501312530847846
3538,1.0,1.0,1.5495107565024726,0.17843921016771933,1.2138409117354179,4.822777803875091
3872,1.0,1.0,1.11124864208216,0.0,122.06448909864467,536.5185360249515
3937,1.0,1.0,3.70275571251824,0.0,-0.6765780294257935,10.466219083302823
4579,1.0,1.0,2.733602115358101,0.019378809948851897,1.1505060439367554,13.697821367511807
4735,1.0,1.0,1.0,0.0,0.4393960185581329,9.394587889300464
4809,1.6157407407407407,1.6157407407407407,12.422948849596326,0.44992158845448593,1.7332552549976765,6.764355468837526
4853,13.894736842105264,13.894736842105264,1.0,0.0,134.65895061728395,512.6769336790719
5071,1.0925925925925926,1.0925925925925926,6.378654097780384,0.2582631004572919,1.0538071936295454,3.6125336449685106
5210,1.0,1.0,6.707528655816676,0.31516729363493096,0.7027437344418012,4.6438154037489685
5301,1.0,1.0,2.8535071465909407,0.0,-10.650287781529633,35.06687465726339
5568,1.0,1.0,5.614175435709328,0.20794742645000944,1.6259880138360334,4.066550589360124
5597,1.0,1.0,4.754281939941034,1.551674108526878,2.4727016771665364,4.53699336831395
5709,1.2407407407407407,1.2407407407407407,4.681978640330692,0.11512442361028431,2.0041909242770966,4.190055031974738
5824,1.0,1.0,20.561593942649235,0.00197964009971086,0.8336284303310313,2.0963780495550357
5888,1.0,1.0,1.0,0.0,4.588302628873564,15.090442290238606
6014,1.0,1.0,1.0,0.0,129.12398802253782,660.6277876883416
6340,1.0,1.0,1.0,,0.0,
6349,1.0,1.0,2.8809326843573904,0.0,21.512178504852777,111.88037429862254
6354,1.0,1.0,1.0,0.0,0.0,0.0
6375,1.0,1.0,5.526176124195178,0.22761907437073647,0.7300272500701033,4.0519533170725675
6435,1.0,1.0,6.489596503974756,0.3168470619297405,1.414839469730147,3.7136284713645575
6502,1.0,1.0,26.920009584938935,0.6695277213992443,1.9532863619874343,5.734366877915969
6573,1.0,1.0,3.946022545854569,0.2331333483709242,1.6396768445996481,4.967126029070058
6574,1.0,1.0,6.507692092888864,0.5531668274620593,0.8399590771849269,8.19650112219836
6588,1.0,1.0,1.0,0.0,17.850905707244557,104.40951164605868
6641,1.0,1.0,1.0,0.0,197.29778792219173,1348.1531093025517
6770,1.0,1.0,1.0,0.0,0.0,0.0
6771,1.0,1.0,1.3453977155017982,0.25420876104957035,0.9351767033953612,6.4116449361969705
7146,1.0,1.0,1.9767306040489658,0.6260830749666207,1.513411476808521,3.773677080114075
7241,1.0,1.0,4.23849121064949,0.08009654224891677,1.8797310155443323,5.974262818279379
7660,0.6708333333333334,0.6708333333333334,1.0,0.0,4.503850495361288,54.31646416519917
7691,1.0,1.0,3.0761413616204654,0.09625189479857817,-0.06727598808468259,7.551343255138913
7770,1.6666666666666667,1.6491228070175439,1.1688647601226292,0.10835607677494177,4.016314851516849,8.118406790037781
7798,1.0,1.0,1.000072753728628,0.00015337832715624908,3.86957795215294,20.529151243179
7799,1.0,1.0,1.0287438660031738,0.049887051776251516,2.4632394729320812,15.109080550159096
8073,1.0,1.0,1.0012064181445286,0.004305383201509985,3.0694190823324305,14.029738234738632
8105,1.0,1.0,2.078611091769606,0.0826870549570637,1.7344910170339374,6.890567683055736
8336,1.0,1.0,2.6241410156749803,0.02804029297767109,1.2353058787312945,7.065867099615777
8439,1.0,1.0,1.0,0.0,118.04951272795539,303.77518493962765
8479,1.0,1.0,3.5070124575129435,0.13853803114812133,1.0206335363400039,3.3991079473993344
8543,1.0,1.0,34.52665809617866,2.491332153933413,1.9812480307968068,4.389360302993438
8582,1.0,1.0,1.0390626431860748,0.03924475439793723,0.8780050473960551,9.210894929833396
8762,1.0,1.0,3.905741780362336,0.16420673527606056,0.8113235716092992,3.6709572041968648
8815,1.0,1.0,1.1332393209562694,0.06722690624623334,-1.9057224893733147,11.593997488054027
9155,1.0,1.0,1.821222769825492,0.0,3.9851402234139726,15.23909181307941
9230,1.0,1.0,1.0585907502038905,0.0,-5.943760805772064,26.94862100172989
9284,1.0,1.0,2.7767716585399196,0.05898492753024453,1.6476359594930161,5.9397427671662415
9303,1.0,1.0,1.4579303064995304,0.0,-3.2971014492753623,21.397627813965673
9359,1.0,1.0,1.1256733606020939,0.06312914575742212,1.6791814732667492,8.642831088615969
9411,0.5703703703703704,0.5703703703703704,15.63309866025588,9.26690326341044,2.868265833110598,8.837795491798557
9504,1.0,1.0,2.2608945447536293,0.35202125908933724,2.3410724803945646,11.7130458697997
9521,1.0,1.0,1.0581995024480404,0.0,6.266204877167252,36.118311523398006
9538,1.0,1.0,2.190889809013574,0.007170746582020104,1.7717595141296285,7.114454757902344
9774,1.0,1.0,1.0000196251594544,0.00013164957182821622,2.24084352894266,9.658321223143485
9777,1.0,1.0,3.940498513897664,0.12480227945438656,1.3275893960707281,4.734285479732578
10073,1.0,1.0,1.0,0.0,0.0,0.0
10190,1.0,1.0,4.2034031899923106,0.15638923416662714,0.9864017153401496,17.727841861638115
10247,1.0,1.0,1.920435108205329,0.08669542102745764,0.917155827379154,4.486093352141797
10345,1.0,1.0,3.7907069772510273,0.03908295665505331,0.38183727781592725,29.653857477334483
10598,1.0,1.0,1.0,0.0,3.433529897453928,17.134391428312696
10609,1.0740403307407407,1.077545406111111,1.9666564236344102,0.844630418125206,1.6832362967598937,10.45783831330709
10793,1.0,1.0,1.603517306892076,0.11924690954554645,2.436218010316747,7.853821973350693
10845,1.0,1.0,6.255622482225546,0.300599947902088,1.0619353707052617,4.525474752680334
10846,1.0,1.0,9.058133229761324,0.43714759783126794,0.9821347006890851,4.722718139169118
10871,1.0,1.0,1.0,0.0,-1.143096180350737,68.50467037058924
10884,1.0,1.0,1.0341890231046593,0.0,-0.08178189715372365,13.013962364510878
10902,1.0,1.0,1.846081125994778,0.12630917623684101,2.384542439217778,7.519565886414207
11017,1.0,1.0,9.213641537898992,0.5031738045745558,1.0316593355642116,8.054171475724887
11172,1.0,1.0,1.256388871287731,0.0,8.174942496648626,34.210138396185044
11178,1.0,1.0,1.749396587012444,0.10012423169847107,0.4375686608719396,8.566891686435751
11234,1.0,1.0,5.954893250395521,0.1897031657635251,1.9365716887852016,5.66186042576716
11259,1.0,1.0,1.397277843245719,0.0455341698496715,0.9228445681658104,4.201413479031422
11264,1.0,1.0,3.368918194689361,0.10998299037171533,1.8216515138096665,8.213002805574769
11343,1.0,1.0,3.6502410924612425,0.17545802134109775,0.8032934219602637,4.383395349715262
11443,1.0,1.0,1.5346775198263405,0.4076411068458819,0.6424378407185254,4.478317341841605
11535,1.0,1.0,1.0,0.0,1.2731197218355659,18.697363422227493
11670,1.0,1.0,1.5126652750963299,0.0,1.7909974462251885,12.841399179463917
11922,1.0,1.0,1.0,0.0,1.1652707665136888,12.719657077381054
11930,1.0,1.0,1.4750118735985234,0.0959610342675261,-0.27542679568666373,6.668944099260766
11976,1.0,1.0,1.3356372605983355,0.07033707408764754,1.4026379376040996,5.691863773272395
12151,1.0,1.0,1.0090027008102425,0.006246872060015851,0.2717187445253424,6.375623937452287
12368,1.0,1.0,1.7196816927704621,0.07845602954209972,1.8265901118089987,7.610134727422847
12575,1.0,1.0,1.0,0.0,1.104014329428057,17.327407855545733
12756,1.0,1.0,1.6351389078778025,0.21343922565971116,2.489361582711663,5.745697027799546
12761,1.0,1.0,1.0,0.0,3.1670819433541113,10.023204765383321
12763,1.0,1.0,1.0,0.0,23.317392974117666,190.31710455110976
12785,1.0,1.0,1.2186851758255652,0.03177732970902911,3.2628300475364767,14.245389994379988
12825,1.0,1.0,1.0768480518682995,0.013700965514518482,1.798730271102556,4.824160105840182
12828,1.0,1.0,1.0,0.0,0.4326663640299057,72.86731332238827
12972,1.0,1.0,2.976834497747581,0.18846614704367878,1.6578134721573643,7.249722990174591
12978,1.0,1.0,1.0306417766154654,0.020086845862047398,1.7558830435967658,3.5627307550985705
12991,0.6776315789473685,0.6776315789473685,1.0,0.0,9.24389211533424,40.73593885280774
13155,1.0,1.0,1.0,0.0,6.561960525830289,34.399017566898145
13163,1.0,1.0,1.0004448838358873,0.002354103984139723,4.484221932702776,13.760416701539752
13245,1.0,1.0,1.0,0.0,6.920506969693074,48.04506292601366
13288,1.0,1.0,1.0,0.0,4.089136779785107,36.74703057516298
13323,1.0,1.0,1.6856108212092507,0.03063639960432528,1.9996090081499016,8.163315802138795
13456,1.0,1.0,1.0,0.0,-12.565618231401025,46.06056993604693
13540,1.0,1.0,1.0,0.0,3.6388107942573162,6.67659584024108
13550,1.0,1.0,5.490212545143461,0.036701399064304835,0.7904560152593667,7.6521867330133135
13765,1.0,1.0,1.0,0.0,0.0473164640135587,12.928715218961083
13963,1.1008435185185177,1.1008435185185177,28.724355181134722,3.48205725106858,1.9575725771158319,4.509332936280629
14033,1.0,1.0,1.0,0.0,3.357525803057482,12.43611234895772
14236,1.0,1.0,1.0,0.0,78.74754116395759,297.25666047188156
14269,1.2962962962962963,1.2962962962962963,1.1213523285132838,0.029475111243186202,3.1433180202737105,12.813014683604868
14309,1.0,1.0,1.1241720486529105,0.029329226328558486,2.29931517871457,9.87841733535087
14312,1.0,1.0,1.3850450778372483,0.29330798368458744,0.7446622953752207,4.71467595270692
14382,1.0,1.0,1.0687857571486017,0.014718308704264873,3.0407124311520826,9.431025597884863
14503,1.0,1.0,1.6163101921739167,0.00625045776607885,-0.03190934205458405,25.152015456271545
14868,1.0,1.0,1.0,0.0,-5.223882684487527,16.823906411120245
14891,1.0,1.0,1.3759437059443913,0.020383113348447616,0.9424304978234886,12.556648709988108
14953,1.0,1.0,1.0,0.0,0.0,0.0
15000,1.0,1.0,2.8125372580309964,1.198771212161799,1.5018792571094894,5.088920502657299
15086,1.0,1.0,1.0,0.0,-3.4884992458521884,44.173335986611065
15087,1.0,1.0,1.0046076713715462,0.00508687145394217,0.7420115574130621,9.544091368124187
15254,1.0,1.0,1.0,0.0,12.664186157960106,92.04017481410592
15265,1.0,1.0,1.0,0.0,66.14365710917433,247.16519635194297
15382,1.0,1.0,1.0,0.0,-6.753199869798172,23.391503143690134
15416,1.0,1.0,1.000845665961946,0.0018909665771690471,0.6909768422341596,0.9128387012155804
15859,1.0,1.0,1.0,0.0,0.9013910515077465,30.342227874087172
16474,1.0,1.0,1.214991962793005,0.15004113703900965,1.8927016718467682,4.703892784126364
16505,1.0,1.0,1.0,0.0,36.98789254146199,134.68305711342276
16603,1.0,1.0,1.4339036359257107,0.06208272932962129,1.2521495895299168,4.3314503128893715
16725,1.0,1.0,1.0292263699779738,0.021638183170568422,-0.12730791878805195,3.7052304289323628
16931,1.0,1.0,1.0,0.0,17.25095844843102,80.94421533732066
17067,1.0,1.0,1.0,0.0,41.11112685240347,108.85785165675682
17068,0.8585714285714287,0.8585714285714287,1.0,0.0,-8.56986459260682,22.641196398322688
17185,1.0,1.0,1.0,0.0,9.51928829863256,41.30973377569163
17285,1.0,1.0,1.0,0.0,0.902743298419653,6.097855175200623
17404,1.0,1.0,1.9810333799440496,0.050989237390797054,2.898325815115168,6.13494946450707
17452,1.0,1.0,1.388979093678414,0.04939005758493741,0.7428190388951466,5.516785548820722
17465,1.0,1.0,1.0,0.0,3.7283143664989504,27.329045698405924
17494,1.0,1.0,1.0,0.0,2.328449820987136,13.82755110185958
17501,1.0,1.0,1.0,0.0,-0.6018004172462892,12.797957122420204
17623,1.0,1.0,1.0,0.0,14.22305165157259,92.25718251955988
17934,1.0,1.0,1.0,0.0,-0.3691665478558924,13.802562187990425
17999,1.0,1.0,1.0,0.0,21.08367468743083,146.19439024673017
18231,1.0,1.0,1.0,0.0,-8.232905259032133,23.593757891069217
18292,1.0,1.0,1.0,0.0,95.79204903301827,280.85733155183954
18387,1.0,1.0,1.0,0.0,96.92447714645049,345.7741906318401
18388,1.0,1.0,1.0,0.0,3.0541795331615798,11.063182133646563
18397,0.666666665,0.666666665,1.0,0.0,-6.914094303847773,37.9938452252981
18493,1.0,1.0,1.0,0.0,8.05832320950899,31.133730518933803
18616,1.0,1.0,1.0,0.0,32.613092463074594,118.90861959403465
18636,1.0,1.0,2.0515678059341145,0.08009199710794841,1.4757896183275887,4.635678338370766
18678,1.0,1.0,1.1019799018451149,0.011625170644345314,1.410815473676676,5.503566479448036
18715,1.0,1.0,1.2503113599276612,0.04492837646357798,1.2490938556133713,5.660307354762733
18729,1.0,1.0,1.3101321826736578,0.043697909321827065,0.16165558252297443,5.859372772622579
18734,1.0,1.0,1.0,0.0,9.10004243976655,45.23990632477538
18840,1.0,1.0,1.1439726316286678,0.03554100702608984,0.5010645917072465,5.345355980646083
19034,1.0,1.0,1.0,0.0,13.177809844476512,124.85466764726135
19344,1.0,1.0,1.3643299522069712,0.057782633840209506,0.33025211093814794,6.1187847577345345
19579,1.0,1.0,1.314126446273508,0.0829550319331704,0.6671928876591942,6.310320781371597
19934,1.0,1.0,1.1942312888398627,0.023346948557993692,0.3600678201883594,5.518388124369282
20219,1.0,1.0,1.0,0.0,-28.627450980392148,12.201058185179631
20255,1.0,1.0,1.0,0.0,0.8102641506552645,7.610472035998998
20302,1.0,1.0,1.0,0.0,15.339303899953645,53.741811890932446
20338,1.0,1.0,1.0536585841511432,0.01666818093017285,0.19401368590831916,8.509116780981419
20421,1.0,1.0,1.5004829014892354,0.2135075926223933,2.0289973657897655,6.127679158294561
20879,1.0,1.0,1.4870587538870856,0.1531623471376859,1.5084645143633575,5.308069575733438
21066,1.0,1.0,1.0007178750897343,0.0018993189598450705,11.83242456391466,22.632143657914476
21279,1.0,1.0,1.0,0.0,54.0,235.1838186853606
21506,1.0,1.0,3.339698579785648,0.2463155884932398,3.22722100114739,6.695090313150476
21894,1.0,1.0,1.1759917957013553,0.12547338591809729,1.0873847355991195,4.3579816799725455
22496,1.0,1.0,2.045064452701746,0.057314117802964346,-0.18194474128908336,9.814288977953735
22500,0.35570987833333334,0.35570987833333334,1.0,0.0,-5.824979448588085,15.290501231520109
22578,1.0,1.0,1.0,0.0,506.91013854495685,2933.563209880686
22789,1.0,1.0,1.024119919263269,0.016631772877090497,0.6463293644062484,25.04582264715348
22817,1.0,1.0,1.0945154196075844,0.05405085933774831,0.9996755875376718,9.240126258092266
23079,1.0,1.0,1.0,0.0,19.128864156980597,150.5083931909355
23133,1.0,1.0,1.0,0.0,0.0,0.0
23277,1.0,1.0,1.0,0.0,0.0,0.0
23667,0.9273504244444444,0.9273504244444444,1.934682238903164,0.11551146138688481,1.1254388212270696,6.410487357978248
23938,0.2641509433962264,0.2641509433962264,1.0,0.0,27.159728303049572,149.56200238884023
23994,1.0,1.0,2.9422378279507995,1.2645259027221833,0.8657269266798214,4.171020036826944
24283,1.0,1.0,1.0879514605467373,0.00874862835752846,4.097795551029513,10.213365495115626
24316,1.462962962962963,1.462962962962963,1.0,0.0,2.744841438568613,7.741110295843391
24432,1.0,1.0,1.0,0.0,149.1486416485974,1078.0467207324657
24463,1.0,1.0,1.8025150125231948,0.210984814182589,1.5923132387382348,6.578515314993347
24755,1.0,1.0,1.042670706765178,0.043799648840811785,1.6182663868081604,9.64340270634381
24887,1.0,1.0,1.0,0.0,11.983595049857808,84.76748669965649
24893,1.7407407407407407,1.7407407407407407,1.112627942866868,0.020385202161525513,2.3690419135618868,8.4618106888051
25027,1.0,1.0,1.0,0.0,5.413105424214036,23.626625292863526
25031,1.0,1.0,1.1277026346508183,0.0,-0.4525875518595608,10.944055407810955
25359,1.0,1.0,1.3815422330632738,0.5190292796111468,25.08703397920142,55.181620547018525
25386,1.0,1.0,1.0,0.0,8.994363019295012,80.63594425794915
25472,1.0,1.0,1.0,0.0,1.56213426557491,26.04284601714275
25536,1.0,1.0,2.0394265232974917,1.0442723608640296,0.23328597590114053,9.650464521404697
25581,1.0,1.0,2.0918111702559368,0.1549057935964874,0.8304046177220881,4.536539916185741
25731,1.0,1.0,1.0,0.0,1.03257274596361,9.81880220272638
25753,1.9722222222222223,1.9722222222222223,2.586018652635156,0.11163484867024459,1.3370323627436622,7.753743613749512
25849,1.0,1.0,1.0,0.0,7.986402156811912,69.67654941281602
27301,0.7833333333333335,0.7833333333333335,1.0,0.0,5.246483308987151,49.12009230759252
27748,1.0,1.0,1.0,0.0,0.8867594464154456,27.226820871062817
27783,1.0,1.0,1.0,0.0,10.975351808685145,48.08206024095957
27791,1.0,1.0,1.0,0.0,12.5,62.91528696058958
27795,1.0,1.0,1.0,0.0,-1.5569846944791597,66.02870490072642
27906,1.0,1.0,1.1582466168080057,0.031731570850006476,1.1364834388043175,28.755827044329173
27971,0.9851851851851853,0.9851851851851853,1.0,0.0,2.0379937612065575,12.209612168622252
28536,1.0,1.0,1.0,0.0,0.0,0.0
28582,1.0,1.0,1.0,0.0,7.782799661409648,35.59505157854483
28730,1.0,1.0,1.0141255188586265,0.012857284226046997,0.5363851241125568,4.9477294853738325
28762,1.0,1.0,1.0831599525251794,0.023688625145390718,1.0986450584708514,7.0070061370528025
28844,1.0,1.0,1.2020476578326162,0.028670192572195233,1.4007284071945774,6.6902111587779
28877,1.1481481481481481,1.1481481481481481,1.0004916519652458,0.0014741317378221747,4.704742485085943,19.123705651480055
29028,1.0,1.0,1.119902433873938,0.05233431126934587,1.554605180509618,4.250582254825083
29107,1.0,1.0,1.0,0.0,320.6155272626436,1722.6640497087478
29205,1.0,1.0,1.0,0.0,1.7134341602478405,48.545929420967305
29230,,,1.0,0.0,2961.212,7862.356979126411
29247,1.0,1.0,1.0,0.0,5.55555555555555,13.608276348795421
29254,1.0,1.0,1.0063131313131315,0.019948801352435895,9.92296291401038,46.296567423603925
29387,1.0,1.0,1.0,,0.0,
29517,1.0,1.0,1.0,0.0,1.1664667015035446,15.361254040457858
29609,1.0,1.0,1.0,0.0,3.346211127427966,7.130550130761303
29942,1.0,1.0,2.265177071994337,0.1846102329006913,1.8489945502509877,7.6667929353379805
29962,1.5,1.5,1.025912591139755,0.008699495861953885,1.4602115071567443,11.5478267583236
30197,1.0,1.0,1.0,0.0,29.969986022376684,185.81881542548206
30252,1.0,1.0,1.0,,0.0,
30436,1.0,1.0,2.3350318178514193,0.12726088471284674,0.7908937365746541,7.540959776951997
30443,1.0,1.0,1.146363399021535,0.02176201260653315,0.8278206811475902,4.795495372500483
30470,1.0,1.0,1.0,0.0,0.0,0.0
30567,1.0,1.0,1.0,0.0,4.4827586206896575,32.5048941622516
30600,1.0,1.0,5.555555555555554,0.720082299823096,16.50678686392972,92.67654591411566
30651,1.0,1.0,1.0,0.0,2.120036964918863,9.104303286713618
30666,1.0,1.0,1.0,0.0,1.1110596734503544,5.31096270343353
30672,1.0,1.0,1.002933609566376,0.007607126688076038,13.546118824818995,28.38044225111429
31013,0.8768518518518519,0.8768518518518519,1.0,0.0,12.577680617132785,81.90519727311406
31205,1.0,1.0,1.1807911050459785,0.027067546422324857,1.5587132258298708,5.858554370723712
31343,1.0,1.0,1.0,0.0,4.17698447614197,31.296761908219235
31372,1.0,1.0,1.0,0.0,52.72544611455446,414.97506016992804
31392,1.0,1.0,1.0,0.0,0.9547812328959353,11.420814475021425
31403,1.0,1.0,1.0888891613948906,0.050394022190287054,5.587204966637956,35.029296719871965
31441,1.0,1.0,1.0,,-9.09090909090909,
31474,1.0,1.0,1.0,0.0,18.752952117678824,134.74559187570594
31550,1.0,1.0,1.0,0.0,10.857997441390625,46.22275477461011
31808,1.0,1.0,1.0,0.0,-3.3333333333333344,13.88562053047468
60911,1.0,1.0,1.000102160493827,0.00037917205810331637,13.215446703030201,42.56906231414914
61192,1.0,1.0,1.0,0.0,3.68258839421324,13.372043292693412
61205,1.0,1.0,1.0,0.0,-6.919234159850157,21.712510321657735
61332,1.0,1.0,1.0,0.0,9.224402376382931,85.68673938774043
61361,1.0,1.0,1.0,0.0,22.65135158151852,91.65617118019385
61417,0.8412698407407406,0.8412698407407406,1.0,0.0,4.273033135823895,35.129623425853346
61447,1.0,1.0,1.0002777777777776,0.0013888888888879958,2.7728625691940025,8.308710942767615
61567,1.565217391304348,1.565217391304348,1.1615195948924413,0.018151008702853556,2.4582827075652385,7.463637091415694
61581,1.0,1.0,1.0,0.0,3.337474647592669,9.043424766395628
61665,1.0,1.0,,,,
61763,1.0,1.0,1.0,0.0,1.3604368318950877,11.175803890756947
61830,1.0,1.0,1.0,0.0,46.946271690509185,185.38538671115248
61850,1.0,1.0,1.0,0.0,370.4692847754937,2708.1321679730595
61880,1.0,1.0,1.3571428571428608,0.0,5.223672773997121,30.77643413733547
61940,1.0,1.0,1.0,0.0,799.3074971049926,3114.730853694471
62007,1.0,1.0,1.0,0.0,-3.089748962406742,39.8133212606326
62290,1.0,1.0,1.1252487066226993,0.0,1.9720473864683052,14.099106696337945
62437,1.0,1.0,1.0,0.0,8.030269155289199,41.5500449572398
62556,1.0,1.0,1.7568117634150497,0.48870379553584176,2.4946643406146904,11.110457861642335
62641,1.0,1.0,1.0,0.0,0.0,0.0
62655,0.6018518518518519,0.6018518518518519,2.100781103398992,0.7614248088552675,0.8610937249375721,12.96180696694054
62715,1.0,1.0,1.0,0.0,19.896230916612268,125.39454245218019
63049,1.0,1.0,1.0,0.0,19.396551724137918,83.32050393854809
63412,1.0,1.0,3.371865367319717,0.4248018131712266,-0.47379649363617204,12.708567409505505
63414,1.0,1.0,1.0,0.0,-5.184615384615384,15.09227371333638
63437,1.0,1.0,1.0,0.0,58.513257575757585,77.95274102451403
63572,1.0,1.0,1.0,0.0,0.2886170636398836,0.9119279743530225
63658,1.0,1.0,1.0,0.0,396.6235723108677,1871.8303564178066
63863,1.0,1.0,1.0,0.0,2.337702772912338,11.64083881840146
63904,1.1666666666666667,1.1666666666666667,1.1844198332726066,0.017737318430882328,0.9411932279673269,9.587828638329212
63927,1.0,1.0,1.0,0.0,1.8163439578330882,5.667267703259119
63969,1.0,1.0,1.1794752850297778,0.00046495731415397145,0.0508688304885061,8.837863012404615
64028,1.0,1.0,1.2776281088445887,0.02865966023376003,2.9104841330895024,13.147318986677039
64072,1.0,1.0,1.56877013413822,0.4101784562599585,1.5716138270559759,4.60433182719847
64098,1.0,1.0,1.0,0.0,2.5,7.071067811865475
64102,1.0,1.0,1.0,0.0,3.402900805889396,9.92413551125652
64275,1.0,1.0,1.2717783290976346,0.04619202646023969,1.9075121780139956,6.630240087100371
64370,1.0,1.0,1.0,0.0,60.508817049139644,198.18557468553846
64592,1.0,1.0,1.3667843102674047,0.42508353582701447,3.592461003081102,64.46839283559113
64641,0.2833333333333333,0.2833333333333333,1.0,0.0,0.20763355631968375,20.729467301484643
64655,2.852760736196319,2.852760736196319,1.0351608690975176,0.02066348681108276,3.065359978253893,6.930310070769695
64708,1.0,1.0,1.8957122047414185,0.07795958095021925,5.8298071569152805,11.996548156831428
64746,1.0,1.0,1.1305620091681303,0.0,6.077844455921191,55.5036590718606
64791,1.0,1.0,1.0307692307692304,0.0,0.5838982204216914,7.34470308721725
64990,1.0,1.0,1.0,0.0,5.0137329953258405,51.87179714368746
65105,1.0,1.0,1.0000092933348204,4.258741027338682e-05,2.3758325257883053,6.913143754583834
65158,1.0,1.0,1.0,0.0,1.5604933183658727,8.663040167490495
65186,1.0,1.0,1.0,0.0,72.14067241934619,176.8452081511407
65229,1.0,1.0,1.4242666666666646,0.25403683201091115,1.2305554274587365,46.534546798152974
65238,1.0,1.0,1.157729798590389,0.1731369077597356,3.1591560702117776,8.789088281504506
65343,1.0,1.0,1.2386093119138482,0.017290982520697995,3.248625110675501,9.371772741044614
65411,1.0,1.0,1.0,0.0,-0.32431632694791235,44.75820588432733
65459,1.0,1.0,1.0161075159945767,0.01969313695365791,3.0587796793430924,9.649152627924268
65570,1.0,1.0,1.0364112727970098,0.0,6.877515126224877,13.757709827247679
65585,1.0,1.0,1.0,0.0,0.0,0.0
65613,1.0,1.0,1.161772604433256,0.1085039461391832,1.6522409127841993,4.935192436271324
65637,1.0,1.0,1.0,0.0,38.17857142857144,175.2705488241718
65938,1.0,1.0,1.0,0.0,2.241589800952963,46.43908869973576
65946,1.0,1.0,1.0,0.0,33.40870724603739,156.0138221144474
65981,0.19333333333333336,0.19333333333333336,1.0,0.0,8.71765771112287,107.42845453198404
66016,1.0,1.0,1.2078044102681904,0.02679914065798206,2.14348193071492,6.950098728610615
66073,1.0,1.0,1.0,0.0,6.469247933446935,51.66430407667396
66129,1.0,1.0,1.0,0.0,-1.1361323238093584,21.580511613815705
66482,1.0,1.0,1.0,0.0,44.10394265232975,80.12074414066647
66496,1.0,1.0,1.0212727842715756,0.029143419164414597,1.548141330163762,6.607320946001603
66524,1.0,1.0,1.0,0.0,9.589362169400166,43.67764684278498
66798,1.0,1.0,1.0000695023630801,0.00024076324820130224,2.1020080212520393,19.560223100162634
100131,1.0,1.0,1.4779345443885432,0.07761037099587653,-0.134116574211666,5.928448064949015
100132,1.0,1.0,1.1163366121378184,0.059270059567011806,-0.13919674832782786,5.359423793106014
100135,1.0,1.0,2.047052143420142,0.10234730957351215,1.4915875305825987,6.1592731207131965
100192,1.962962962962963,1.962962962962963,1.7815241341130272,0.10181963412941047,0.3108783091330789,6.554303243355666
100253,6.166666666666667,6.166666666666667,1.2144512377014631,0.025288773501994103,1.2062773845821229,4.936766142151033
100340,1.0,1.0,1.087761624267898,0.2129687240237741,2.1399320111886317,7.025840731110229
100346,1.0,1.0,1.2424585228827814,0.1387385988555042,0.5912789939974699,10.091032388961121
100472,1.0,1.0,1.4324913385307578,0.041785572900573366,1.6171237715523061,6.254354866276329
100581,1.0,1.0,1.206745864784511,0.03230310904461973,1.1393470546274567,5.619290145550621
100635,1.0,1.0,1.0754617174804846,0.07135904797805699,0.5100461536713725,10.879331460465167
100781,3.8333333333333335,3.8333333333333335,1.3625478560691036,0.07250992183335846,0.34039224030379345,7.265261067416716
100913,1.0,1.0,2.1439591718542284,0.24385416426511666,0.814915802265198,8.586338431109615
101130,1.0,1.0,1.0243336873794444,0.014908020376009221,1.1489809396196151,8.31747806555648
101396,1.0,1.0,1.1085884911899742,0.028698083674597776,0.9602943702330999,6.317486177423752
101942,1.0,1.0,1.273320383401763,0.028220210144650457,1.833968202706808,5.711513074981511
102277,1.0,1.0,2.6686857361387855,0.1183474605386922,1.0118724336552967,7.583761828961834
102307,1.0,1.0,1.016868772474996,0.012240143618154394,1.569607426700954,5.472289333240595
102596,1.0,1.0,1.032148020546143,0.005792260541023631,2.7266210382745224,7.302164535314682
102609,1.0,1.0,1.2165188023528126,0.03136705743890107,0.8688615202352852,5.642132802829634
102950,1.0,1.0,1.0393999600653223,0.01678492006059314,1.0357519983207728,5.551788306035273
104833,1.0,1.0,1.2804603471105334,0.03301948745352019,1.1319752412667488,6.528799723499531
104854,3.382978723404255,3.382978723404255,1.016820838140119,0.00862002507705492,1.1417257955856233,6.617431396137231
104950,1.0,1.0,1.0620202415944393,0.03505192978456048,0.9929640194913475,4.558776547959968
105104,1.0555555555555556,1.0555555555555556,1.177490623933039,0.02663709260056601,0.7609983382026819,7.174481623588761
105331,1.0,1.0,1.0,0.0,6.579846466370379,47.53898733569206
105432,0.8838709677419354,0.8838709677419354,1.0,0.0,28.982297246065507,147.91231234504494
105560,1.0,1.0,1.0305454545454527,0.0041950213664378126,2.708055423695877,12.009297270952704
106254,1.0,1.0,1.0,0.0,13.98499580584679,58.89660173718774
107055,1.0,1.0,1.0,0.0,-1.4773088230121416,37.90020080305432
107320,1.0,1.0,2.768683392811105,0.2978048036355807,1.7576072386758543,13.065040065370697
107413,1.0,1.0,1.0,0.0,-19.03780012802568,40.96659228371068
107621,1.0,1.0,1.0,0.0,8.964019072714724,53.985079151140425
107941,1.0,1.0,1.0,0.0,84.3353576248313,142.36130249840096
108374,1.0,1.0,1.0,0.0,11.371049002202987,67.34421525148821
108518,1.0,1.0,1.0790322580645209,0.0,20.06680208491198,96.85868703953302
108533,1.0,1.0,1.0,0.0,320.8717641667926,2514.5395191537323
108594,1.0,1.0,1.0,0.0,2.9460608974111775,18.78514617122245
108693,1.0,1.0,1.0,0.0,2.306768279691124,23.97913602883383
108767,1.0,1.0,1.0,0.0,4.089262178259212,40.30309038179873
108846,0.112,0.112,1.0,0.0,2.1295675515880563,63.31191500613513
109084,1.0,1.0,1.0,0.0,3.321292021259654,16.098362630922704
110289,1.0,1.0,1.0,0.0,8.422794851888419,57.09158334063663
110330,1.0,1.0,1.0,0.0,35.54130223517985,233.27793189346485
110534,1.0,1.0,1.6700000000000013,0.0,0.9259259259259259,15.328911950276026
110769,1.0,1.0,1.0,0.0,-12.856297343860126,34.107616859261135
111861,1.0,1.0,1.0,0.0,238.6744678086142,1546.7889214902916
111961,1.0,1.0,1.0,0.0,-13.001258101698161,26.394329780569397
112558,1.0,1.0,1.0,0.0,2.006172839506174,32.97508688854494
112968,0.6,0.6,1.1623356415254715,0.0,0.5289565506555262,23.60320531124223
114221,1.0,1.0,1.0,0.0,925.0070707070706,6790.519571608959
114378,1.0,1.0,1.0,0.0,32.14050558495003,165.41707101659338
114415,0.1524074074074074,0.1524074074074074,1.0,0.0,1.7117226230551539,29.66797865559277
114959,1.0,1.0,1.0,0.0,-2.841659627838112,40.61040744249706
115165,0.09349999999999999,0.09349999999999999,1.0,0.0,15.238711905378576,89.92941373664425
115308,0.09349999999999999,0.09349999999999999,1.0,0.0,9.168437293572268,68.20301949895631
115309,1.0,1.0,1.0,0.0,84.38271045929304,425.80536283229804
115755,1.0,1.0,1.0,0.0,37.81777780906726,233.00357715682233
116924,1.0,1.0,1.0,0.0,31.60565624851339,178.26759607314892
117114,1.0,1.0,1.0,0.0,2.783494994695774,35.568600145327956
118261,1.0,1.0,1.0,0.0,10.850092393511723,42.506526836856736
119417,1.0,1.0,1.10827751551021,0.0027093544627661637,1.1623655913978395,2.7752040336891257
119473,0.6883333333333334,0.6883333333333334,1.0,0.0,178.90758792101374,909.3421675503998
120593,1.0,1.0,1.0,0.0,22.689950936921296,90.53691403922505
120656,0.021075500000000004,0.021075500000000004,1.0,0.0,-5.324781413882236,25.079340324212527
120721,1.016296296296297,1.0166666666666673,1.2058823529411806,0.0,87.0945496990168,352.3680499981474
120877,1.1851851851851851,1.1851851851851851,2.4479154830335745,0.17694940434154685,2.1067848257988064,4.561465329231904
122200,0.334,0.334,1.0,0.0,5.272277557039729,93.89035125450607
123434,1.0,1.0,1.0,0.0,1.2040354867594683,25.128199566682653
126017,1.0,1.0,1.0,0.0,3.8461538461538463,31.069425495224685
126314,1.0,1.0,1.0,0.0,10.065431553262762,60.07198776605365
126781,1.0,1.0,1.0,0.0,9.316866491892107,80.32936699936857
127479,1.0,1.0,1.0,0.0,22.548049821585053,90.85765388888659
127539,1.0,1.0,1.0,0.0,-7.823129251700682,18.68272944878838
127644,1.0,1.0,1.0000645244547683,0.00041816626005971696,-0.5393439606498626,21.498213491287142
128580,1.0,1.0,1.0,0.0,38.4470447248225,264.31583932971046
129438,1.0,1.0,1.0,0.0,299.5444269123464,1583.5604490502672
130298,1.0,1.0,1.0,0.0,25.691601065547303,176.47200321432484
130638,1.0,1.0,3.0794825578071277,1.4461231542991801,0.3744579756959781,4.7533410719088875
132359,1.0,1.0,1.0,0.0,0.30864197530864257,23.232202390009526
133367,1.0,1.0,1.0092188150821593,0.012837051334343524,1.6143810297842218,7.3106557505780305
133428,1.0,1.0,1.0,0.0,22.222222222222232,38.49001794597507
133465,1.0,1.0,1.0,0.0,4.074074074074074,21.02320880936056
135346,1.0,1.0,1.0,0.0,43.888888888888886,177.64404692363718
137441,1.0,1.0,1.0,0.0,5.6644666493322795,50.53598288255161
137884,1.0,1.0,1.0,0.0,4.954676932500302,64.61332450409759
137945,1.0,1.0,1.0,0.0,36.92716122937014,212.62556712167728
138661,1.0,1.0,1.0,0.0,216.66666666666666,419.32485418030416
139134,1.0,1.0,1.0,0.0,36.9629838969526,139.8486444559615
139161,1.0,1.0,1.0,0.0,46.39297844309914,232.9325238605014
139704,0.172222225,0.172222225,1.0,0.0,14.887746348410994,86.46706013188191
140603,1.0,1.0,1.0,0.0,10.246159324351124,24.805530910604958
141037,1.0,1.0,1.0,0.0,13.36345817591742,84.47568495452599
141038,1.0,1.0,1.0,0.0,29.175744575674663,110.31051973712682
141467,1.0,1.0,1.0,0.0,-5.121431752229243,41.12943620206234
142024,1.0,1.0,1.0,0.0,19.04761904761907,59.153610708594464
142646,1.0,1.0,1.7835688399632819,0.07752436578341537,1.5619342179447453,19.52177054240339
142953,1.0,1.0,1.6730576938915342,0.4308116043413512,1.7449111656024845,4.028286835054647
143627,1.0,1.0,1.0,0.0,2.7887989249750587,20.318403855494026
143993,1.0,1.0,1.0958605664488017,0.04612884682503366,3.273324080810561,24.13788692820069
144040,1.0,1.0,1.0,0.0,61.308679125752285,317.92327433295355
144296,1.0,1.0,1.0,0.0,3.827160493827161,39.79195059614811
144343,1.0,1.0,1.0,0.0,2230.4694349847277,9817.19568097976
144382,1.0,1.0,1.0050738433792452,0.003531084546001744,2.190223604258347,18.54193654422567
144383,1.0,1.0,1.0242666666666695,0.0,-4.562269974904039,21.492036760869208
144435,1.0,1.0,1.1441775868158621,0.02292881703529568,0.6151761875633222,5.943861547519005
144544,1.0,1.0,1.0,0.0,0.9090909090909094,33.77766776281975
145579,1.0,1.0,1.0,0.0,0.16229898152545433,39.7420081565859
146139,1.0,1.0,1.0908639443193318,0.05519462934270982,1.1310263573300094,6.278503081358112
146204,1.0,1.0,1.0,0.0,7.007274201546629,58.49902438657531
146564,1.0,1.0,1.0,0.0,1.959116629614304,46.23416180264331
146865,1.0,1.0,1.0,0.0,1.7551740498736423,48.821673208888065
147175,2.3333333333333335,2.3333333333333335,1.6990964053381352,0.11340797246805069,2.1748931387648076,6.662210392266088
147202,1.0,1.0,1.026785951718856,0.007059924045715509,2.8426526243533186,13.115665373225436
147308,0.2965308618518518,0.2965308618518518,1.0,0.0,36.230127037228264,245.44762585253264
147396,0.7237654333333333,0.7237654333333333,1.0,0.0,6.553684097219594,51.34541992031821
147503,1.0,1.0,1.0,0.0,8.96808438475105,72.59979710326805
147708,1.0,1.0,1.2969976830455299,0.0407711215209862,1.715294833217625,7.417546104047007
147855,1.0,1.0,2.1555234613421907,0.0,4.940365978326151,10.383902077546809
147856,1.0,1.0,1.0,0.0,9.389880952380954,66.47702267665372
148411,1.0,1.0,1.0,0.0,13.139201011458082,56.58194068278352
148429,1.0,1.0,1.0,0.0,10.279697154697162,56.937060161260085
148792,1.0,1.0,1.3918894089466702,0.001755275634656931,5.901610048895598,17.095611967011063
149098,1.0,1.0,1.0,0.0,13.52922645674712,84.4660256227757
149379,1.0,1.0,1.0,0.0,-1.246431827694451,12.497324303517248
149381,1.0,1.0,1.0,0.0,6.521739130434782,48.393152751206244
149662,1.0,1.0,2.276718577829787,0.8607156238386282,1.8832171309889048,7.238072766308387
149682,1.0,1.0,1.0,0.0,24.071980125057582,107.19369866748318
149762,1.0,1.0,1.4734390928813415,0.32290222746975755,5.153595253295445,13.594308604359655
149857,0.5564444444444445,0.5564444444444445,1.0,0.0,12.596630557801491,58.58998893416148
150049,1.0,1.0,1.001190476190476,0.00532397137499864,-2.2859892279261538,9.826892977139796
150297,1.0,1.0,1.0,0.0,0.8725330210056828,39.15954199703775
150617,1.0,1.0,1.0,0.0,55.85777984771795,161.72080061170414
151098,1.0,1.0,1.0,0.0,56.985279731726585,363.285154884236
151161,1.0,1.0,1.0,0.0,0.48268028168205385,9.400786903702853
151592,0.6673333333333333,0.6673333333333333,1.0,0.0,-5.719226460350499,29.671838532429344
151595,1.0,1.0,1.0,0.0,10.958657577906013,59.641928097837855
153073,1.0,1.0,,,,
153255,1.0,1.0,1.0,0.0,7.919020715630882,57.24360493818468
153669,0.8335,0.8335,1.0,0.0,9.961168666767568,87.6749306357721
154154,0.6971153846153846,0.6971153846153846,1.0070588235294118,0.050410083025008365,-3.8704289295156205,24.16604181871588
155440,1.0,1.0,1.0,0.0,62.36247559748398,433.2738805896037
155734,1.0,1.0,1.0,0.0,22.713264857622967,137.03334829090696
157077,1.0,1.0,1.0,0.0,27.287504840214083,103.63328112031448
157458,1.0,1.0,1.0,0.0,178.7723963279519,960.109321608383
157875,1.0,1.0,1.2081584801376621,0.12102373579773983,1.4349049214701732,12.112107022172601
158133,1.0,1.0,1.0,0.0,0.08301151732214809,20.376742164866567
158220,1.0,1.0,1.0,0.0,0.0,0.0
158743,1.0,1.0,1.4267137000140389,0.08052459671914006,3.0486254613410297,7.900128315342289
160163,1.0,1.0,1.2433236259776497,0.0,-6.5801923490466825,27.53461724380924
160196,1.0,1.0,1.192,0.0,-1.2240649013674496,10.962341281031307
160362,1.0,1.0,1.0,0.0,5.864712182074539,49.77386030388628
160381,3.0,3.0,1.0609417992639527,0.021945140585552764,0.46837356542574365,8.848799384510425
160385,1.0,1.0,1.0,0.0,31.0,132.70267518026907
160477,1.0,1.0,1.0,0.0,7.636966336314031,67.55685659889967
160675,1.0,1.0,1.0,0.0,0.0,0.0
160742,1.0,1.0,1.103265349395018,0.022213851922526333,3.2277223528442147,21.571188801904146
160804,0.10166666666666667,0.10166666666666667,1.0,0.0,25.250067159775988,114.85290134231661
160917,0.3262345701851852,0.3262345701851852,1.0,0.0,7.327695659226555,69.23617282159826
162007,1.0,1.0,1.0,0.0,117.86957833832824,576.8045750731735
162203,1.0,1.0,1.0,0.0,-1.1779560240315063,39.41288308252033
162517,1.0,1.0,1.0001597954618089,0.001035592952765213,0.39834408676239424,12.283690166839069
162940,1.0,1.0,1.1579873358470893,0.04259490750710886,1.329597343046193,4.77759314367648
163105,1.0,1.0,1.0,0.0,0.0,0.0
163136,1.0,1.0,1.0,0.0,33.91658117176409,136.98309481821425
163579,1.0,1.0,1.0,0.0,17.923192188897016,120.27448141521432
163626,1.0,1.0,1.2654224429050038,0.1750387227164531,0.29575869152184353,9.58735558216145
163627,1.0,1.0,1.0358819000937922,0.0024675483864955708,0.812210649357048,14.262348257306348
163630,0.5750864203703704,0.5750864203703704,1.0,0.0,-5.5699867644242245,62.51087130846712
163865,1.0,1.0,1.0,0.0,14.660826379268565,79.01003414982752
163887,1.0,1.0,1.058548524748866,0.05524960135831436,1.4638175848528283,8.049347286196342
163983,1.0,1.0,1.0,0.0,1.5543123099158564,6.4786632906518165
164182,1.0,1.0,1.6514783456420583,0.45714189902761804,-1.0671158549115143,11.556593281993797
164275,1.0,1.0,1.0140535229774674,0.025001952591294112,2.0926187554792888,14.337210752155867
164337,1.0,1.0,1.0,0.0,-3.1051665243993827,43.34877176989336
164342,1.0,1.0,1.0,0.0,0.26854058871515624,29.62589201562239
164408,1.0,1.0,1.0,0.0,2.6068286273380177,14.469749014457959
164622,0.8111111111111111,0.8111111111111111,1.0,0.0,9.885983103708305,119.02367779951574
164674,0.7587719307894737,0.7587719307894737,1.0,0.0,8.466631693240322,93.2537904367158
164699,1.0,1.0,1.0,0.0,25.033167449834124,124.62759715731403
164700,1.0,1.0,1.0,0.0,-2.580703053290268,43.182412818125165
165124,1.0,1.0,1.0,0.0,-0.24509686604911385,14.495706790528118
165486,1.0,1.0,2.4837962962962954,4.168155105829604,3.8678425789717963,21.56508992196764
165510,1.0,1.0,1.0,0.0,-1.6885668620321186,16.623204818936024
165625,1.0,1.0,1.0,0.0,-5.441063148992648,42.27482197419733
165669,1.0,1.0,1.0,0.0,42.26433414286841,238.6166733219168
165673,1.0,1.0,1.0,0.0,10.546815871636673,56.95958300083605
165691,1.0,1.0,1.0,0.0,2.8045535874620433,15.39972310551573
165702,1.0,1.0,1.0,0.0,4.636538968798159,9.46759123881217
165786,1.0,1.0,1.0,0.0,45.333956706277085,208.16936339178793
165829,1.0,1.0,1.5587066120970212,0.3940579576857436,-0.039965985259218635,4.6817200052714645
165832,1.0,1.0,1.0,0.0,-1.5775120658628823,33.91727846344706
165920,1.0,1.0,1.0,0.0,-0.3736513884363322,29.61133410437499
165969,0.044600305740740746,0.044600305740740746,1.0,0.0,64.84770367555214,361.41449798324726
166312,1.0,1.0,1.0,0.0,-8.425571517564967,31.272332618055533
170527,1.0,1.0,1.0,0.0,2.4372687527338206,6.784132497290024
170535,1.0,1.0,1.0,0.0,1.8154708476128236,22.302519532377843
170592,5.285714285714286,5.285714285714286,1.0,0.0,43.8323248046983,130.4971750688808
170853,1.0,1.0,1.0,0.0,7.661454562879608,41.044952306297844
170898,0.7631578947368421,0.7631578947368421,1.0,0.0,42.151722493429354,105.78056296142626
170964,1.0,1.0,1.0,0.0,7.075082904830729,44.82092735049799
171043,1.0,1.0,1.0,0.0,4.118315431314001,57.4282756874224
171057,1.0,1.0,1.0,0.0,-1.7638964917591478,15.796032811071488
174306,1.0,1.0,1.0,0.0,-3.378980104880901,15.049458229734878
174886,1.0,1.0,1.0,0.0,26.852142011528688,195.98766086835832
175129,1.0,1.0,1.0,0.0,13.67432370484458,114.4420791144632
175269,1.0,1.0,1.0,0.0,-0.2855011091869761,27.651054073286126
175399,1.0,1.0,1.00018325087044,0.000317399818133339,16.244713056700316,27.993747164499414
175487,1.0,1.0,1.0,0.0,-2.962679088655683,57.73343391789355
175961,1.0,1.0,1.0,0.0,8.983156917444012,73.70336157299903
175983,1.0,1.0,1.0004067875406788,0.0017010196537872281,2.396272314472731,12.659178224153026
176161,1.0,1.0,1.0,0.0,31.339117945769104,196.77192052160837
176218,1.0,1.0,1.0,0.0,-3.411893587779522,31.7612803583913
176378,1.0,1.0,1.0,0.0,3.6972003787029313,16.776911491361393
176554,1.0740740740740742,1.037037037037037,1.0,0.0,11.415118972761034,55.6623257795879
176933,1.0,1.0,1.0,0.0,-5.332219250154793,25.850958850387233
177104,1.0,1.0,1.0,0.0,2.706922706922708,39.5003676854849
177268,1.0,1.0,1.0,0.0,4.43160253573284,64.80792808076819
177312,1.0,1.0,1.0,0.0,-5.363904811533784,16.413199279835634
177452,1.121212121212121,1.121212121212121,1.0,0.0,73.03279779379676,347.82749699577914
177602,1.0,1.0,1.0,0.0,-2.6809284439026215,33.35565602981486
177674,1.0,1.0,1.1626676257327753,0.11082226909569398,2.4691834478624126,13.881300934633062
177795,1.0,1.0,1.0009216589861754,0.0042235720690843035,12.592305034720626,60.59996886488719
177853,0.112,0.112,1.0,0.0,-7.256957013769219,67.09043410869495
177858,1.0,1.0,1.0,0.0,8.338238687003626,66.92938278291393
178317,1.0,1.0,1.0,0.0,52.83398583331931,220.96366161800174
178413,0.26666666666666666,0.26666666666666666,1.0,0.0,0.1096985951673837,22.102664976421078
178559,1.0,1.0,1.0,0.0,4.171694026095031,47.36391046108239
178743,0.5833333333333334,0.5833333333333334,1.0,0.0,3.2144651855732245,34.6376113279904
178795,1.0,1.0,1.0,0.0,-0.36089223539252446,16.614392971933302
178838,1.0,1.0,1.6923250244594814,0.2729366204465953,0.33740142760531666,18.48830153243814
178859,0.7616666666666666,0.7616666666666666,1.0,0.0,7.320184126590959,57.58958624808065
179147,1.0,1.0,1.0,0.0,107.49608091713355,337.031789192588
179358,1.0,1.0,1.0,0.0,-4.9160302531996045,34.611728446536105
179621,1.0,1.0,1.195058960018065,0.06326065308970483,1.5530680503107717,5.745597281612123
179624,0.9722222222222222,0.9722222222222222,1.0,0.0,0.6016183441109301,22.931236128775456
179645,1.0,1.0,1.0,0.0,0.5264538575609075,3.648572846391391
179681,0.14999999999999997,0.14999999999999997,1.0,0.0,103.38854479064845,714.6433080533114
179700,1.0,1.0,1.0716658674596626,0.043521764818481766,1.7240183141990135,4.931986227511951
179823,1.0,1.0,1.0,0.0,5.71580680713606,42.095463947719615
179894,0.6683333333333334,0.6683333333333334,1.0,0.0,-5.009379839610936,44.091053913015514
179895,1.0,1.0,1.0,0.0,-0.9028694129656619,12.882790342152678
180026,1.0,1.0,1.0,0.0,0.5165658190889277,53.65998359485981
180440,1.0,1.0,1.0,0.0,83.33333333333333,258.78504008094626
180833,1.0,1.0,1.0547871214218967,0.02252027030873556,1.7269021189375755,5.990331796361671
180866,0.13962962962962966,0.13962962962962966,1.0,0.0,24.996822739038763,124.65569229828661
181614,1.0,1.0,1.0,0.0,83.16573370974743,545.1563448502052
181970,1.0,1.0,1.0,0.0,0.5714684193792399,40.892341712348546
182497,1.0,1.0,1.0,0.0,0.2046667692072219,6.259421070664537
182638,3.6481481481481484,3.6481481481481484,1.0,0.0,9.533859549995796,61.457605391293136
182642,1.0,1.0,1.0,0.0,1.0719883564711141,18.920912682299562
183126,1.0,1.0,1.0,0.0,1853.8820861678005,12840.853339150643
183145,1.0,1.0,1.0,,0.0,
183154,1.0,1.0,1.0,0.0,13.685294117647066,96.80429586168273
183156,1.0,1.0,1.0,0.0,15.285068073893065,83.0306675146532
183315,1.0,1.0,1.0,0.0,3.661290155964963,30.930354739535723
183447,1.0,1.0,1.0,0.0,14.673057285737547,86.3276976693357
183449,1.0,1.0,1.0,0.0,-5.0,15.811388300841896
183471,1.0,1.0,1.0937288135593215,0.0,0.5159760697410581,17.592055016802576
183478,1.0,1.0,1.0,0.0,6.447099534986995,65.49452136649313
183479,1.0,1.0,1.0,0.0,-3.9879651617368705,42.74963042705254
183496,1.0,1.0,1.0,0.0,-2.5772259445075583,22.484799728103994
183499,1.0,1.0,1.0,0.0,2.721088435374149,30.30457633656632
183505,0.742037037037037,0.742037037037037,1.0,0.0,37.5817628579862,211.91743189117008
183755,1.0,1.0,1.0,0.0,17.483902685635183,123.33744990523778
183785,1.0,1.0,1.0,0.0,4.67101249223428,54.93429325849441
183998,6.0638297872340425,6.0638297872340425,1.0,0.0,157.8015738177405,1054.5817715691219
184052,1.0,1.0,1.0,0.0,-5.195844128557486,18.147783061823993
184259,1.0,1.0,1.0,0.0,2.0114312692132277,12.699498238683052
184312,0.3014814814814815,0.3014814814814815,1.0,0.0,8.824121104249523,45.31269009755478
184339,0.46,0.46,1.0,0.0,-0.6107924661675483,12.96472767869723
184378,0.3780910096226415,0.3780910096226415,1.0,0.0,220.00832850979896,1581.8225086561968
184526,1.0,1.0,1.0,0.0,0.3614703262769375,21.84589847625716
184527,1.0,1.0,1.0,0.0,0.5500339590686182,20.1948239768329
184761,1.0,1.0,1.0,0.0,-0.5305036914841865,10.59406961946345
184767,1.0,1.0,1.0,0.0,0.8664162372494976,22.776805279490336
184807,1.0,1.0,1.0,0.0,0.20084954855534048,8.859368794095804
184897,0.3594117647058823,0.3594117647058823,1.0,0.0,12.39962695423423,80.5368164531705
185083,1.0,1.0,1.0,0.0,-6.046779778360678,19.860320704698864
185334,1.0,1.0,1.0168576478555047,0.012341476955774583,2.9392853206553697,3.0377964254792755
185361,1.0,1.0,1.0,0.0,-6.270554860042292,33.187354302762024
185571,0.11836734693877549,0.11836734693877549,1.0,0.0,-1.309687074062761,25.15171069955727
185580,1.0,1.0,1.0,0.0,-4.888711595163699,20.114423322998157
185622,1.1515151515151516,1.1515151515151516,1.0,0.0,-5.166365081211218,37.5211765751555
185627,1.0,1.0,1.0,0.0,61.19453100760563,333.4028116761014
185699,1.0,1.0,1.0,0.0,-2.0725302347465235,10.421244851824177
185793,0.8957944444444444,0.8957944444444444,1.0,0.0,2.4718943724205604,31.849574081003208
185807,1.0,1.0,1.0,0.0,-3.143755646216657,21.763665034104314
185885,0.1983695652173913,0.1983695652173913,1.0,0.0,-9.231616979453156,43.6868390540787
185904,1.0,1.0,1.0,0.0,18.21858231116411,81.36046690477218
185920,1.0,1.0,1.0,0.0,7.486051329368424,74.30092649964928
186231,1.0,1.0,1.0,0.0,-1.9239949727982413,43.47387371724874
186250,10.209302325581396,10.209302325581396,1.0,0.0,19.74794005182126,97.25917865790254
186264,1.0,1.0,1.0,0.0,76.07590353214455,533.1881133268555
186275,1.0,1.0,1.0,0.0,-0.3357173997213395,8.604355869581635
186327,1.1595744680851063,1.1595744680851063,1.0,0.0,140.5538107459859,968.774413993913
186362,1.0,1.0,1.0,0.0,-2.667891744829907,21.748019751849867
186389,1.0,1.0,1.0,0.0,1.3833614305842503,23.755439031663233
186395,1.0,1.0,1.0,0.0,-3.7517180383340176,61.99124498959994
186657,0.2425,0.23275,1.0,0.0,-4.048037513777069,56.59972117305708
186658,1.0,1.0,1.0,0.0,26.903948819824617,180.96933960978012
186662,1.0,1.0,1.0,0.0,-7.631898177858409,34.36559108670759
186684,1.0,1.0,1.0,0.0,-10.110259659319855,48.822639878878434
186772,1.0,1.0,1.0,0.0,8.019729342494218,95.00816593013798
186885,2.2564102564102564,2.2564102564102564,1.0,0.0,68.08142926672916,449.04955539870934
186960,1.0,1.0,1.0,0.0,1.0022406175317344,12.057168984195807
187142,16.09375,16.09375,1.0,0.0,17.389020933430164,108.21856688343341
187348,0.45526315789473687,0.45526315789473687,1.0,0.0,3.7587785654242234,57.266698148262726
187364,1.0,1.0,1.0134915482669125,0.019633668659509402,-0.027114233780295108,27.582400594422406
187589,1.0,1.0,1.0,0.0,-14.54178579718135,32.39548700333642
187649,1.0,1.0,1.0,0.0,0.11148404599769428,15.73452409827655
187659,1.0,1.0,1.0,0.0,1.0733826645899138,30.945735089534576
187665,0.9861111111111112,0.9861111111111112,1.0,0.0,-1.452825642453519,21.718699438906576
187711,1.0,1.0,1.0,0.0,18.463950400783702,56.157710061990976
187742,0.334,0.334,1.0,0.0,497.58060824230216,2932.625114107506
187956,0.8333333325,0.8333333325,1.0,0.0,8.940516905493062,45.46896390529277
189255,1.0941176470588234,1.0999999999999996,1.0,0.0,14.056141519292366,75.22156062951488
189655,1.0,1.0,1.0,0.0,0.5176111294925875,20.535602373770526
190262,1.0,1.0,1.0,0.0,-5.047657021021728,18.65965841247964
193157,1.0,1.0,1.0,0.0,-0.3937218972172732,37.38151792704189
193159,2.0,2.0,1.0,0.0,-8.29184180533235,20.303514400961223
196258,2.043103448275862,2.043103448275862,1.0,0.0,215.950013864736,821.2449401184163
197956,1.0,1.0,1.0,0.0,0.2367493224555746,8.450860504879964
199456,1.0,1.0,1.0919128588178548,0.052555502307830924,-0.7315855402175363,13.458403984258657
199457,1.0,1.0,1.0,0.0,8.683243118537222,79.19478253982008
201140,5.435643564356436,5.435643564356436,1.683012148366431,0.1138903035893448,1.893397666134484,7.687869493501523
204483,1.0,1.0,1.2803289785378709,0.05697728288222034,1.5319446821324423,6.130542127509987
205571,1.0,1.0,1.0455077871384668,0.034475362351471486,0.28516344819635514,5.595868487583952
205677,1.0,1.0,1.0,0.0,1.8391556385517172,14.631178276833001
205827,1.0,1.0,1.0987805637616495,0.03060824856332527,1.6786873149388397,6.738464438389007
205942,1.1666666666666667,1.1666666666666667,1.4413775707845444,0.029486335939484246,1.5911305903184396,8.164283900380864
209418,1.0,1.0,1.3799305260981285,0.03911653450099472,0.28500672947698136,6.2142859347461
210701,2.0,2.0,2.2232869175643337,0.1192104176035496,1.8217135805662432,8.234068056352593
211166,1.8703703703703705,1.8703703703703705,1.053800124462826,0.02964730092200535,1.4859967651325405,8.866655914695794
212773,1.0,1.0,2.402020553941536,0.14232214795017215,1.1994341908980513,5.715658399678169
213098,1.72,1.72,1.0616471941301018,0.0367503640133393,1.2997275072776306,9.129621194588012
215422,1.8888888888888888,1.8888888888888888,1.2496719678778154,0.11862608529392414,2.5901325096523737,12.161199061128702
221102,1.0,1.0,1.0784937834752855,0.03322551974825349,1.4538619070556253,8.149906008806076
221261,1.0,1.0,1.3143172450812672,0.18168024686325734,0.5591813431547894,8.589267566312863
221545,1.0,1.0,1.7562635836205804,0.05178846715060599,1.9963707284675223,6.788384037937396
221858,1.0,1.0,1.1236358419406647,0.05031492631882716,1.2663579986417877,4.552839450012056
222398,1.0,1.0,1.1922883475089454,0.03695812171020336,1.1655389296004839,6.217147311390126
222519,1.0,1.0,1.2043769186673998,0.0,4.203464416719215,11.024609661670361
223097,1.0,1.0,1.1860901700104816,0.11087803742159512,-0.10628396284552134,7.165043418224742
229037,1.0,1.0,1.0342867972597192,0.024864856189299202,0.44588195705285644,7.750595563421956
241637,1.0,1.0,1.0433220947772388,0.030271803070890734,1.8277784486202209,5.822912485967234
245202,1.0,1.0,1.013520594817561,0.005329020843432238,18.737465076555615,97.96309179149956
246116,1.0,1.0,1.0453124356543155,0.019916968419445714,-0.6563998796209555,7.394095566493605
264393,0.4737037037037037,0.4737037037037037,1.0,0.0,6.5907494814221,28.817566575472615
270178,1.0,1.0,1.1589548734266581,0.08589072876440994,-0.8569630138695269,9.832210660249578
272705,1.0,1.0,1.0,0.0,1.560867465386957,7.431581760325928
273961,1.0,1.0,1.0953991323712804,0.03642251048853587,1.7118857619139194,5.509187954342293
277487,1.0,1.0,1.0016405961791826,0.003915233231809306,-0.21262649546448104,8.650915484906907
281468,0.8076923076923077,0.8076923076923077,1.0,0.0,0.5046002418524811,13.443423477260252
288674,1.0,1.0,1.00914239463893,0.00679052622162908,-0.030022315599029927,13.519706992836287
297352,1.0,1.0,1.045453441881168,0.02755659557374795,1.2809922703415861,9.920909499805088
